,Main,SubMod,Main,SubAdv,Main,SubAdv,SubArg,Main,Main,Main,SubMod,Main,Main,SubAdv,Main,SubAdv,SubAdv,SubArg,Main,SubAdv,Main,Main,SubArg,Main,SubAdv,Main,Main,Main,Main,Main,SubAdv,Main,Main,Main,Main,Main,Main,Main,Main,SubAdv,SubMod,Main,SubAdv,SubAdv,Main,SubAdv,Main,Main,Main,SubAdv,Main,Main,Main,SubArg,Main,Main,Main,SubAdv,Main,Main,SubMod,SubAdv,SubAdv,Main,SubAdv,SubAdv,SubAdv,Main,Main,Main,SubAdv,Main,Main,Main,SubAdv,SubAdv,Main,Main,Main,Main,SubAdv,Main,Main,Main,Main,Main,Main,Main,Main,Main,Main,Main,Main,SubAdv,Main,SubAdv,SubMod,Main,Main,Main,SubAdv,Main,Main,Main,SubAdv,SubAdv,SubAdv,Main,Main,SubAdv,Main,Main,SubAdv,SubAdv,Main,Main,Main,Main,SubAdv,Main,SubAdv,Main,Main,Main,Main,Main,SubArg,Main,Main,SubAdv,SubAdv,SubArg,SubArg,SubAdv,SubArg,Main,Main,SubAdv,SubAdv,Main,SubAdv,Main,SubAdv,Main,Main,Main,Main,Main,Main,SubArg,Main,Main,Main,Main,SubAdv,SubAdv,Main,Main,Main,Main,Main,Main,SubMod,SubAdv,Main,Main,Main,SubAdv,SubMod,SubAdv,SubAdv,SubAdv,SubAdv,Main,Main,Main,Main,Main,Main,Main,Main,Main,Main,Main,Main,Main,Main,Main,Main,Main,Main,Main,Main,Main,Main,Main,Main,Main,Main,Main,Main,Main,Main,Main,Main,Main,Main,Main,Main,Main,Main,Main,Main,Main,Main,Main,Main,Main,Main,Main,Main,Main,Main,Main,Main,Main,Main,Main,SubAdv,SubArg,SubArg,SubAdv,SubArg,SubAdv,SubArg,SubAdv,SubAdv,SubAdv,SubAdv,SubAdv,SubAdv,SubAdv,SubAdv,SubAdv,SubAdv,SubAdv,SubAdv,SubAdv,SubAdv,Main,SubAdv,Main,Main,SubAdv,Main,Main,SubAdv,Main,Main,Main,Main,Main,Main,SubAdv,Main,Main,Main,SubAdv,Main,SubAdv,SubAdv,Main,Main,SubAdv,SubAdv,SubAdv,Main,SubAdv,SubAdv,Main,Main,SubAdv,Main,Main,Main,Main,Main,Main,Main,SubAdv,SubAdv,Main,SubAdv,Main,Main,SubAdv,SubAdv,SubAdv,Main,Main,Main,Main,SubAdv,SubAdv,SubAdv,SubAdv,Main,Main,Main,Main,Main,Main,Main,SubAdv,Main,Main,Main,Main,Main,Main,Main,Main,Main,Main,Main,Main,Main,Main,Main,Main,SubAdv,SubAdv,Main,Main,SubAdv,Main,SubMod,SubMod,SubArg,SubArg,Main,SubArg,Main,Main,SubArg,Main,Main,Main,Main,Main,Main,Main,SubArg,Main,SubArg,SubArg,SubMod,Main,Main,Main,Main,Main,SubMod,Main,SubMod,SubMod,SubMod,SubMod,Main,SubMod,SubMod,Main,Main,Main,Main,Main,Main,SubMod,Main,SubMod,Main,Main,Main,SubArg,SubArg,Main,Main,SubArg,Main,SubArg,Main,Main,Main,SubAdv,Main,SubAdv,Main,Main,Main,SubAdv,Main,Main,SubAdv,Main,SubArg,Main,SubArg,SubArg,Main,Main,SubArg,SubArg,Main,Main,SubArg,SubArg,SubArg,Main,Main,Main,SubArg,SubArg,Main,SubArg,SubArg,SubArg,Main,Main,Main,Main,Main,Main,SubAdv,Main,Main,Main,Main,SubAdv,Main,SubAdv,Main,SubAdv,Main,Main,SubAdv,Main,SubAdv,Main,Main,SubAdv,Main,SubAdv,Main,Main,Main,Main,Main,Main,Main,SubAdv,Main,SubAdv,Main,SubAdv,Main,Main,Main,Main,Main,Main,SubAdv,SubAdv,Main,SubAdv,Main,SubAdv,Main,Main,Main,Main,Main,Main,Main,Main,Main,Main,Main,Main,Main,Main,Main,Main,Main,Main,Main,Main,Main,Main,Main,Main,Main,Main,Main,Main,Main,Main,Main,Main,Main,Main,Main,Main,Main,Main,Main,Main,Main,Main,Main,Main,Main,Main,Main,Main,Main,Main,Main,Main,Main,SubAdv,Main,Main,SubAdv,SubAdv,SubAdv,SubAdv,Main,SubAdv,SubAdv,Main,Main,Main,SubAdv,Main,SubAdv,Main,Main,SubAdv,Main,Main,SubAdv,Main,Main,Main,SubAdv,Main,Main,Main,Main,Main,Main,Main,SubAdv,Main,SubAdv,Main,Main,SubAdv,SubAdv,SubAdv,Main,Main,SubAdv,Main,Main,SubAdv,SubAdv,Main,SubAdv,Main,Main,Main,Main,SubAdv,Main,Main,Main,SubAdv,SubAdv,Main,SubAdv,Main,Main,Main,Main,SubAdv,Main,Main,Main,SubAdv,Main,SubAdv,SubAdv,Main,SubAdv,Main,Main,SubAdv,Main,Main,Main,SubAdv,SubAdv,Main,SubAdv,Main,Main,Main,SubAdv,SubAdv,SubAdv,Main
,Ø,_>CR_,_W_,_KJ_,_KH_,_K_>CR_,_KJ_,_W_>T_,_B_,_W_B_,Ø,_HNH_,_W_W_,_W_,_W_L_,Ø,_KJ_KH_,_>CR_,_MN_,_>M_,_W_GM_,_H=_,_>T_>CR_,_<L_KN_,_KJ_B_,_L_,_W_MN_,_>T_,_GM_,_MJ_,_>CR_,_LMH_,_>Z_,_KN_,_MH_,_K_,_W_HNH_,_W_<L_,_<L_,_W_>CR_,_C_,_HN_,_KJ_L_,_W_>M_,_KJ_,_W_KJ_,_W_>XR/_,_CM_,_B_L_,_<L_>CR_,_>LH_,_W_>T_W_>T_,_>L_,_MH_,_>XR/_,_MDW<_,_W_<TH_,_<D_,_>P_,_RQ_,_H_,_KJ_MN_,_J<N/_,_B_HJ>_,_J<N/_>CR_,_W_B_,_TXT/_>CR_,_HNH_N>_,_B_W_L_,_ZH_,_KJ_>T_,_>W_,_W_>L_,_<TH_,_KJ_<TH_,_KJ_>M_,_W_B_L_,_MH_Z>T_,_>JK_,_>K_,_KJ_<L_,_W_>XR/_KN_,_W_GM_>T_,_J<N/_>CR_,_W_CM_,_B_HW>_,_W_K_,_W_B_B_,_K_>CR_,_W_W_W_,_W_KN_,_B_B_,_LKN_,_<D_>CR_,_W_MH_,_KJ_CM_,_ZW_,_B_HM_,_>M_N>_,_W_<WD/_,_KJ_<L_KN_,_>M_,_B_W_,_B_W_B_,_>XR/_>CR_,_<L_,_KJ_KN_,_W_>T_W_>T_W_>T_,_W_>LH_,_W_>T_,_GM_B_,_TXT/_,_W_<L_,_W_L_,_W_LMH_,_B_B_L_,_B_ZH_,_J<N/_KJ_,_KJ_HNH_,_>CR_,_W_K_>CR_,_B_MH_,_MN_CM_,_MN_W_,_>JKH_,_>T_MJ_,Ø,_Z>T_,_W_GM_B_,_KJ_MN_>T==_,_B_,_>T_C_,_L_>CR_,_LW_,_MJ_,_>KN_,_GM_>T_,_KJ_>L_,_>XR/_,_RQ_B_,_J<N/_KJ_,_W_>T==_,_<QB/_>CR_,_W_<L_MJ_,_<L_MH_,_RB/_,_L_L_,_W_GM_W_,_>JPH_,_H=_,_>T_>LH_,_W_MDW<_,_>XR/_>LH_,_>ZJ_,_W_MN_,_W_>T_>CR_,_W_KH_,_W_ZH_,_B_Z>T_,_C>L[_,_MN_<L_,_GM_L_,_W_>T_>CR_,_K_,_J<N/_,_JXDW_,_K_W_K_,_KJ_K_,_W_>CR_,_<D_>M_,_LWL>_,_<D_C_,_<D_KJ_,_>BL_,_W_GM_B_Z>T_,_<L_B_,_<D_>N_,_W_>T_W_>T_W_>T_W_>T_,_W_L_L_L_W_L_,_W_B_B_L_,_W_MJ_,_<L_>CR_,_W_B_W_L_,_>N_,_W_>T_>LH_W_>T_,_B_L_B_B_L_,_HNH_ZH_,_HLK[_,_H=_MN_,_CM<[_,_B_W_W_W_W_,_B_W_L_B_L_,_B_W_K_,_B_MN_,_B_B_B_L_,_W_>P_NGD/_,_>K_W_,_BJN/_,_>MR[_,_>W_MJ_,_>WLJ_,_>T_W_>T_W_>T_,_>T_W_>T_,_>M_L_,_HN_B_,_JXD/_,_W_MN_W_MN_,_K_L_,_<WD/_,_RQ_L_,_RQ_>T_,_QN>[_,_PT>M_,_NGD/_,_MN_W_W_,_MN_W_MN_,_MN_W_<D_,_MN_L_,_MN_>Z_,_<WD/_Z>T_,_L_W_,_L_MN_,_LW_,_LMH_ZH_,_LJLH/_,_W_MN_MN_,_W_>T_SBJB/_,_<D_,_W_>M_B_,_KJ_>T_,_KJ_B_,_<D_>CR_>M_,_KJ_MN_,_KJ_>T_W_>T_,_B_>CR_,_MN_>CR_,_L_>CR_,_>M_N>_,_MN_>Z_,_KJ_GM_,_L_,_LM<N_,_KJ_LWL>_,_M>D/_,_KJ_MJ_,_KJ_MH_,_C_,_BLT/_>M_,_W_MN_>Z_,_W_TXT/_,_W_>XR/_,_GM_CM_,_GM_KJ_,_W_B_B_,_GM_MN_,_GM_MN_>Z_,_W_<L_>CR_,_B_W_B_W_,_GM_MN_MN_W_<D_W_L_W_,_GM_W_,_GM_W_RBH[_,_GM_W_W_,_B_MN_<L_,_W_GM_,_GM_Z>T_MN_<M_,_GM_B_HM_,_GM_B_HJ>_,_TXT/_KJ_,_CQR/_,_W_>M_B_W_B_,_RQ_>CR_L_,_CB<[_,_CDD[_,_RB/_,_W_>M_K_,_PN_,_CW>/_,_MN_>L_,_MN_L_>CR_,_H=_<L_W_>L_,_GM_>TMWL/_GM_CLCWM/_,_W_>M_MN_MN_,_GM_>T_GM_,_GM_>T_HW>_W_>T_,_GM_>T_ZH_L_ZH_,_GM_<D_HJ>_,_H=_CLX[_,_H=_>KL[_,_HNH_L_,_LWL>_W_,_K_C_,_HN_<L_,_KN_,_HN_L_,_HN_Z>T_,_KJ_XNM_,_KJ_W_W_W_,_KJ_RQ_,_JD<[_,_JRD[_,_JWM/_,_JWMM_,_KJ_RB/_,_KJ_MRH[_,_KJ_MN_W_W_,_KJ_MN_W_,_KJ_<TH_,_KJ_>T_ZH_,_HNH_L_W_L_,_HNH_B_<L_,_H=_>L_W_>L_,_HNH_B_,_H=_>T_,_W_GM_W_,_H=_GLH[_,_H=_GM_<L_,_H=_GM_>L_,_H=_GM_HLM_,_H=_JKL[_,_H=_K_,_H=_L_L_,_H=_M>S[_,_H=_MWT[_,_H=_NYL[_,_H=_RJB[_,_H=_W_,_H=_YWM[_,_H>X_,_H>X_H>X_,_HJH[_,_LW_>KL[_,_W_GM_KJ_,_B_HM_B_,_B_L_B_,_W_KMW_,_>CM[_,_>CR_KMW_,_<L_>CR_,_MH_ZH_,_LMH_,_>J_ZH_,_K_,_>KN_HNH_L_,_>KN_NC>=[_,_KMW_,_>K_<TH_,_>K_JXDW_,_>K_MN_,_>K_MN_W_W_MN_,_>K_QWM[_,_>K_RJQ/_,_>K_VRP[_,_KJ_XNM_,_>L===_,_KJ_W_,_KJ_MN_>T==_,_>CR_L_,_<WH[_,_<WD[_,_<L_KN_ZH_,_<D_<D_,_<D_>CR_>M_,_ZH_,_<D_MTJ_,_W_MJ_,_W_K_>CR_,_MN_>CR_,_L_,_<L_KN_<L_,_C_CM_,_>T_>CR_,_<L_W_,_<L_W_<L_,_<L_Z>T_,_<M_,_<M_B_,_<RWM/_,_C_B_,_<TH_ZH_,_B_,_>L_ZH_,_>MNH_,_>MNM_,_<D_KJ_,_>CR_GM_,_B<D/_,_B>C[_,_<L_H_,_BNH[_,_<L_>CR_,_B_<L_,_B_>LH_,_B_>T_,_ZWLH/_>T_L_,_>XR/_ZH_,_XNM_,_B_B_W_L_,_B_B_ZH_,_B_H=_,_W_TXT/_KJ_,_B_HMH_,_KJ_KH_,_W_LW_,_B_HW>_>Z_,_>L_,_>XR/_Z>T_,_KJ_L_,_B_MH_,_>M_B_,_>N>_,_KJ_>M_,_HN_,_>P_>L_W_,_>T==_,_H=_K_,_GM_>CR_,_C_,_>T_Z>T_,_>XR/_W_>LH_,_>T_ZH_,_>T_>CR_KBR/_,_>T_>CR_<DN_,_>W_H=_,_>N_,_>M_L_K_Z>T_,_>M_,_>XR/_KN_,_>XR/_MJ_,_KJ_FN>[_,_W_MN_W_W_,_KJ_MH_,_KJ_MN_,_>M_B_,_W_>XR/_MN_,_W_>XR/_W_,_W_>XR/_Z>T_,_W_BRWR/_,_>M_>T_W_>T_,_W_B_>LH_,_>LW_L_W_L_,_W_B_B_B_B_,_>CR_<L_KN_,_W_B_HJ>_,_W_B_KN_,_<QB/_,_W_B_MN_PNJMH_,_<L_KJ_JR>[_,_W_B_W_L_ZH_,_W_B_ZH_,_<L_KJ_,_W_GM_>L_,_<D_>CR_<D_KH_,_W_GM_>T_W_,_W_>WLM_,_W_>T_Z>T_,_W_>T_W_>T_W_>T_W_>T_W_>T_W_>T_W_>T_,_W_>T_B_HW>_,_W_>P_,_W_>P_>MNM_,_BLT/_,_W_>T==_W_W_,_>XR/_K_>CR_,_W_>T_>LH_,_>W_,_W_>T_>T_,_W_>T_B_,_W_>T_B_W_>T_,_W_>T_W_>T_W_>T_W_>T_W_>T_W_>T_,_W_>T_DRC[_,_W_>T_MJ_,_>T_>CR_,_>P_KJ_,_W_>T_W_>T_>T_,_>PS/_KJ_N>Y[_,_W_>T_W_>T_W_>T_MN_MN_,_>M_NF>[_,_W_>T_W_>T_W_>T_W_>T_W_>T_,_W_GM_>T_W_>T_W_>T_W_>T_W_>T_,_ZNH[_,_XNM_,_W_L_W_L_W_L_W_L_W_L_<D_KN_,_W_LMH_ZH_,_W_LW_,_W_W_MN_,_W_L_>LH_,_W_L_GM_,_W_L_L_,_W_W_L_,_W_L_W_L_,_W_L_W_L_W_L_,_W_RJQM_,_W_W_MN_>T==_,_W_MH_Z>T_,_W_NYL[_,_W_NGD/_,_W_MN_<M_,_W_MN_>LH_,_W_MN_>T==_,_W_MN_B_,_W_MN_CM_,_W_MN_L_,_W_LMH_MN_,_W_K_ZH_,_W_GM_DLH[_,_W_HNH_W_,_W_GM_KKH_,_W_GM_L_,_W_GM_PH_,_XFP[_,_W_GM_W_W_,_W_HNH==_,_XBL=[_,_W_HNH_KH_,_W_HNH_L_L_,_W_HNH_Z>T_,_W_K_Z>T_W_K_Z>T_,_W_JXDW_,_W_KBR/_,_W_W_W_W_W_W_,_W_KJ_,_W_KMW_,_W_W_W_W_,_W_KN_B_,_W_W_W_GM_,_W_K_>CR_,_W_>M_L_,_W_>MC/_,_W_>L_W_>L_ZH_,_MJ_B_,_KJ_GM_>L_,_L_MJ_,_L_PTX[_,_KJ_FKR[_,_KJ_CB<[_,_KJ_B_ZH_,_KJ_B_PT>M_,_MH_ZH_,_KJ_B_>LH_,_KJ_BGD[_,_L_>CR_,_MN_<D_<D_,_MN_<D_W_W_,_KJ_>Z_MN_,_MN_>T==_,_KJ_>Z_,_MN_B_,_MN_HJ>_,_KJ_>T_>LH_,_MN_L_W_<D_ZH_,_L_B_,_KJ_GM_GM_,_MN_MN_,_K_K_L_,_KN/_,_KJ_MN_>L_,_KN_B_,_W_MN_MJ_,_K_>LH_,_K_B_,_K_B_B_,_K_B_MN_,_K_KN_,_KJ_MDW<_,_LZW_,_KJ_L_HM_,_K_Z>T_,_K_Z>T_W_K_Z>T_,_KJ_LM<N_,_KJ_KSP[_,_KJ_GNB[_,_LMH_ZH_MN_,_LWL>_,_KJ_GM_W_GM_,_MN_M>D/_,_MN_NGD/_,_B_>CR_,_H_,_RQ_W_W_W_,_J<N/_B_,_TXT/_MH_,_TXT/_MN_,_V<M[_,_VRM/_,_J<N/_>T_,_W_<D_,_W_<D_W_W_W_,_W_<L_>CR_,_KJ_<L_>LH_,_GM_,_W_<M_,_C_KKH_,_W_<WD/_W_,_W_>CR_,_W_>JPH_,_W_>K_,_B_H_,_W_>LH_W_,_RQ_W_W_,_RQ_B_HW>_,_KJ_>T_>L===_,_PQD[_,_KJ_>T==_,_KJ_>M_M>S[_,_MN_W_MN_W_MN_W_,_KJ_>M_L_,_MN_W_W_<D_,_MWV[_,_KJ_>M_B_L_,_NGD[_,_NKH[_,_PRR=[_,_KJ_<L_MJ_,_KJ_>M_>T_ZH_,_QDC[_,_KJ_<YR[_,_QR>=[_,_QWH[_,_R>H[_,_KJ_<TH_RJQM_,_KJ_<TH_GM_>T_,_KJ_<L_W_<L_,_KR<[_
PAST..IND,0.58,1.27,2.43,0.52,0.03,2.63,0.49,5.78,1.56,3.12,0.99,0.21,8.88,0.44,7.44,0.64,0.05,0.96,1.77,0.33,2.16,0.14,0.97,0.96,0.87,0.9,4.25,1.85,0.61,0.58,1.17,0.0,6.66,2.66,0.0,0.44,0.99,5.06,1.12,3.1,0.35,0.66,0.55,0.08,2.43,0.6,19.96,3.99,inf,1.99,4.87,15.95,1.55,0.4,4.43,0.24,0.0,1.33,0.76,13.29,0.29,1.1,1.1,inf,0.5,0.0,1.33,0.0,inf,1.99,0.15,0.15,1.66,0.0,0.0,0.38,inf,0.0,0.38,3.98,0.8,inf,2.21,0.8,inf,9.29,0.8,7.96,0.53,1.77,7.96,3.32,0.53,3.32,0.53,inf,0.26,inf,0.0,2.65,0.0,0.0,1.99,1.99,0.0,0.88,0.88,inf,inf,1.99,1.99,1.99,1.99,1.33,0.44,inf,inf,0.0,0.44,3.98,0.44,0.0,3.98,0.44,0.0,0.0,0.44,1.33,inf,0.44,1.33,0.0,0.44,0.44,1.33,1.33,3.98,0.0,0.0,inf,0.0,2.65,2.65,0.0,0.66,0.0,2.65,inf,0.66,0.0,2.65,0.66,inf,0.0,2.65,0.66,inf,0.66,0.66,inf,0.66,0.66,0.0,0.0,0.66,0.66,2.65,0.0,inf,0.0,0.66,2.65,inf,0.66,inf,inf,0.0,inf,inf,inf,1.33,1.33,inf,1.33,inf,inf,1.33,1.33,0.0,0.0,inf,inf,0.0,inf,inf,inf,inf,inf,inf,inf,0.0,inf,inf,0.0,inf,0.0,inf,1.33,1.33,inf,1.33,0.0,1.33,1.33,inf,inf,1.33,inf,inf,1.33,0.0,0.0,0.0,0.0,0.0,inf,inf,1.33,0.0,1.33,inf,0.0,0.0,0.0,0.0,1.33,1.33,0.0,inf,0.0,0.0,0.0,0.0,0.0,0.0,0.0,1.33,0.0,inf,1.33,0.0,inf,inf,inf,inf,0.0,inf,inf,inf,0.0,inf,inf,inf,0.0,0.0,inf,inf,inf,0.0,0.0,0.0,inf,0.0,0.0,0.0,0.0,0.0,inf,0.0,inf,inf,inf,0.0,inf,0.0,0.0,0.0,0.0,0.0,0.0,inf,0.0,inf,0.0,0.0,inf,0.0,inf,0.0,inf,0.0,inf,0.0,0.0,0.0,0.0,0.0,inf,0.0,inf,inf,0.0,0.0,0.0,0.0,0.0,0.0,0.0,inf,inf,0.0,0.0,inf,inf,0.0,inf,inf,0.0,0.0,inf,0.0,inf,inf,inf,0.0,0.0,0.0,0.0,0.0,0.0,0.0,0.0,0.0,0.0,0.0,0.0,0.0,0.0,inf,0.0,0.0,0.0,0.0,inf,0.0,0.0,0.0,0.0,inf,0.0,inf,0.0,inf,0.0,inf,0.0,0.0,0.0,0.0,0.0,0.0,0.0,0.0,inf,inf,inf,0.0,inf,0.0,0.0,inf,0.0,0.0,inf,0.0,inf,0.0,0.0,0.0,0.0,0.0,inf,0.0,inf,inf,inf,inf,inf,0.0,inf,inf,0.0,0.0,inf,0.0,inf,inf,0.0,0.0,0.0,0.0,0.0,0.0,inf,0.0,0.0,inf,inf,inf,inf,0.0,0.0,inf,0.0,0.0,0.0,inf,0.0,inf,inf,0.0,inf,inf,inf,0.0,inf,0.0,inf,inf,0.0,inf,inf,inf,inf,0.0,inf,0.0,inf,inf,0.0,inf,0.0,inf,0.0,inf,inf,inf,inf,0.0,0.0,inf,0.0,inf,0.0,inf,inf,inf,inf,inf,0.0,inf,0.0,inf,0.0,inf,0.0,inf,inf,0.0,inf,0.0,0.0,0.0,inf,inf,inf,inf,inf,inf,inf,0.0,inf,0.0,0.0,inf,0.0,inf,0.0,inf,inf,inf,0.0,inf,inf,inf,inf,inf,0.0,0.0,inf,inf,0.0,inf,0.0,inf,0.0,inf,0.0,inf,inf,inf,0.0,inf,inf,0.0,0.0,inf,inf,0.0,0.0,0.0,0.0,0.0,0.0,inf,inf,0.0,0.0,0.0,0.0,0.0,inf,0.0,inf,0.0,0.0,inf,inf,0.0,0.0,0.0,0.0,inf,inf,0.0,0.0,0.0,inf,inf,inf,0.0,inf,0.0,0.0,inf,inf,inf,inf,inf,inf,0.0,0.0,0.0,0.0,inf,inf,inf,inf,inf,inf,0.0,inf,0.0,0.0,inf,0.0,inf,0.0,0.0,0.0,0.0,0.0,0.0,inf,0.0,0.0,inf,inf,inf,inf,0.0,0.0,0.0,inf,0.0,inf,0.0,inf,inf,0.0,0.0,0.0,inf,0.0,0.0,inf,inf,0.0,0.0,0.0,0.0,0.0
PRES.PERF.IND,1.48,0.97,0.47,2.06,0.0,0.48,1.05,0.31,0.83,0.59,0.9,3.62,0.21,1.02,0.28,0.98,0.0,1.8,0.3,1.76,0.95,2.97,1.13,1.08,1.02,0.36,0.21,1.82,1.06,2.9,1.84,4.03,0.11,0.77,19.36,0.51,1.45,0.13,0.61,1.02,1.1,0.61,2.73,0.94,0.94,1.02,0.2,0.44,0.0,0.77,0.51,0.0,0.26,6.92,0.26,1.92,4.3,0.61,0.68,0.0,1.75,0.68,2.56,0.0,8.2,inf,2.05,3.07,0.0,1.31,12.31,0.0,0.0,1.53,2.46,0.38,0.0,inf,3.84,0.44,1.02,0.0,1.84,5.12,0.0,0.0,1.84,0.0,7.68,1.23,0.0,0.51,0.51,0.51,2.3,0.0,6.14,0.0,inf,0.0,6.14,12.29,0.77,2.05,12.29,0.77,0.77,0.0,0.0,0.77,0.0,0.0,0.77,1.02,3.07,0.0,0.0,3.07,0.0,1.02,1.02,inf,0.0,1.02,1.02,inf,1.02,1.02,0.0,1.02,0.0,0.0,1.02,0.0,3.07,1.02,1.02,6.14,0.0,0.0,inf,0.0,1.53,6.14,6.14,inf,1.53,0.0,1.53,0.0,1.53,0.0,0.0,0.0,0.0,1.53,0.0,6.14,1.53,0.0,6.14,6.14,0.0,1.53,6.14,6.14,0.0,1.53,0.0,6.14,0.0,0.0,0.0,0.0,0.0,0.0,0.0,0.0,0.0,0.0,3.07,3.07,0.0,0.0,0.0,0.0,3.07,3.07,inf,inf,0.0,0.0,inf,0.0,0.0,0.0,0.0,0.0,0.0,0.0,3.07,0.0,0.0,inf,0.0,0.0,0.0,0.0,0.0,0.0,3.07,inf,0.0,0.0,0.0,0.0,3.07,0.0,0.0,3.07,3.07,inf,0.0,0.0,0.0,0.0,0.0,0.0,0.0,0.0,0.0,inf,3.07,inf,3.07,0.0,0.0,inf,0.0,3.07,0.0,0.0,0.0,0.0,3.07,inf,0.0,inf,0.0,0.0,inf,0.0,0.0,0.0,0.0,inf,0.0,0.0,0.0,0.0,0.0,0.0,0.0,inf,0.0,0.0,0.0,0.0,0.0,inf,0.0,0.0,0.0,inf,inf,inf,0.0,0.0,0.0,0.0,0.0,0.0,inf,0.0,inf,0.0,0.0,inf,0.0,0.0,0.0,inf,0.0,inf,0.0,0.0,0.0,0.0,0.0,0.0,0.0,0.0,inf,inf,0.0,0.0,inf,0.0,inf,0.0,0.0,inf,0.0,0.0,0.0,inf,0.0,inf,0.0,0.0,inf,inf,0.0,0.0,0.0,0.0,0.0,0.0,inf,0.0,0.0,0.0,0.0,0.0,0.0,inf,inf,inf,0.0,inf,0.0,0.0,inf,inf,0.0,inf,0.0,0.0,0.0,0.0,inf,inf,inf,0.0,inf,0.0,inf,0.0,0.0,inf,0.0,0.0,0.0,0.0,0.0,inf,0.0,0.0,inf,0.0,inf,inf,inf,0.0,0.0,0.0,0.0,0.0,0.0,0.0,0.0,inf,0.0,0.0,inf,0.0,inf,0.0,inf,0.0,0.0,0.0,inf,0.0,0.0,0.0,0.0,0.0,0.0,0.0,0.0,0.0,0.0,0.0,inf,0.0,0.0,inf,inf,inf,0.0,inf,inf,0.0,inf,inf,0.0,0.0,0.0,0.0,inf,inf,0.0,0.0,inf,inf,0.0,0.0,0.0,0.0,inf,0.0,0.0,0.0,inf,0.0,0.0,0.0,0.0,0.0,0.0,0.0,0.0,0.0,0.0,0.0,0.0,0.0,0.0,inf,0.0,inf,0.0,0.0,0.0,0.0,0.0,0.0,inf,0.0,0.0,0.0,0.0,inf,0.0,0.0,0.0,0.0,0.0,inf,0.0,inf,0.0,inf,0.0,inf,0.0,0.0,0.0,0.0,0.0,0.0,0.0,0.0,0.0,0.0,0.0,0.0,0.0,0.0,inf,0.0,inf,inf,0.0,0.0,0.0,0.0,0.0,0.0,0.0,0.0,0.0,0.0,0.0,0.0,0.0,inf,inf,0.0,0.0,inf,0.0,0.0,0.0,inf,0.0,inf,0.0,0.0,0.0,inf,0.0,0.0,0.0,inf,0.0,0.0,inf,0.0,inf,0.0,inf,0.0,0.0,0.0,inf,0.0,inf,inf,0.0,0.0,0.0,0.0,inf,inf,0.0,0.0,inf,inf,0.0,0.0,0.0,0.0,0.0,inf,inf,0.0,0.0,0.0,0.0,0.0,0.0,inf,0.0,0.0,0.0,0.0,0.0,0.0,0.0,0.0,inf,inf,0.0,0.0,0.0,0.0,0.0,0.0,inf,0.0,0.0,inf,0.0,inf,0.0,inf,0.0,0.0,0.0,0.0,0.0,0.0,0.0,0.0,0.0,0.0,0.0,0.0,inf,inf,inf,0.0,0.0,0.0,0.0,0.0,0.0,inf,0.0,inf,0.0,0.0,0.0,0.0,0.0,inf,0.0,0.0,inf,inf
PRES..IND,2.18,0.19,0.44,1.0,174.41,0.1,0.28,0.19,0.9,0.4,1.15,0.82,0.12,1.22,0.19,2.59,102.89,0.27,1.88,2.09,0.36,0.74,0.07,1.72,1.22,2.71,0.77,0.18,2.44,0.23,0.12,0.26,0.13,0.26,0.27,2.74,0.44,0.52,1.5,0.0,0.97,3.65,0.78,6.71,0.49,0.0,0.0,0.52,0.0,0.0,0.0,0.0,2.28,0.3,0.66,1.09,2.61,0.73,2.08,0.36,0.0,2.08,0.0,0.0,0.0,0.0,0.0,3.65,0.0,0.4,0.0,14.62,2.92,7.3,0.46,1.82,0.0,0.0,1.04,0.52,2.19,0.0,0.0,0.0,0.0,0.0,1.21,0.61,0.0,0.61,0.0,0.61,4.86,0.0,0.0,0.0,0.73,0.0,0.0,0.0,1.82,0.91,0.91,0.0,0.0,0.0,0.91,0.0,0.0,0.91,2.43,2.43,0.91,1.21,0.0,0.0,0.0,3.65,3.65,0.0,0.0,0.0,1.21,1.21,3.65,0.0,1.21,1.21,0.0,3.65,3.65,inf,3.65,0.0,0.0,1.21,0.0,1.82,0.0,0.0,0.0,1.82,0.0,1.82,0.0,0.0,0.0,0.0,0.0,0.0,0.0,0.0,0.0,0.0,1.82,0.0,0.0,0.0,1.82,0.0,0.0,0.0,0.0,7.29,0.0,0.0,0.0,7.29,0.0,1.82,1.82,0.0,0.0,1.82,0.0,0.0,0.0,0.0,0.0,0.0,0.0,0.0,0.0,0.0,0.0,0.0,0.0,0.0,0.0,0.0,0.0,0.0,0.0,0.0,0.0,0.0,0.0,0.0,0.0,0.0,0.0,0.0,0.0,0.0,0.0,inf,0.0,3.64,3.64,0.0,0.0,0.0,3.64,3.64,0.0,0.0,0.0,0.0,0.0,0.0,0.0,0.0,0.0,0.0,inf,0.0,0.0,3.64,inf,0.0,0.0,0.0,0.0,0.0,3.64,3.64,3.64,0.0,0.0,3.64,inf,0.0,0.0,inf,0.0,0.0,3.64,0.0,0.0,3.64,0.0,0.0,0.0,0.0,0.0,0.0,0.0,0.0,0.0,inf,0.0,0.0,0.0,0.0,inf,0.0,0.0,0.0,inf,0.0,0.0,0.0,inf,0.0,0.0,0.0,inf,0.0,0.0,0.0,0.0,0.0,0.0,0.0,0.0,0.0,0.0,0.0,inf,0.0,0.0,0.0,0.0,0.0,inf,0.0,inf,0.0,inf,0.0,inf,0.0,0.0,0.0,0.0,0.0,0.0,0.0,0.0,0.0,0.0,0.0,0.0,inf,0.0,0.0,0.0,0.0,0.0,0.0,0.0,0.0,0.0,0.0,0.0,0.0,0.0,inf,0.0,0.0,0.0,0.0,0.0,0.0,inf,0.0,0.0,0.0,0.0,0.0,inf,0.0,0.0,0.0,0.0,0.0,0.0,inf,0.0,0.0,0.0,0.0,0.0,0.0,0.0,0.0,0.0,inf,0.0,0.0,0.0,inf,0.0,0.0,0.0,0.0,0.0,inf,0.0,inf,0.0,0.0,0.0,0.0,0.0,0.0,inf,0.0,inf,0.0,0.0,0.0,inf,0.0,0.0,0.0,0.0,0.0,0.0,0.0,inf,0.0,0.0,0.0,0.0,0.0,0.0,0.0,0.0,0.0,0.0,inf,0.0,0.0,0.0,0.0,0.0,0.0,0.0,0.0,0.0,0.0,0.0,0.0,0.0,0.0,0.0,0.0,0.0,0.0,0.0,0.0,0.0,0.0,0.0,0.0,0.0,inf,0.0,0.0,0.0,0.0,0.0,0.0,0.0,0.0,inf,0.0,0.0,0.0,0.0,0.0,0.0,0.0,inf,0.0,inf,0.0,0.0,0.0,0.0,0.0,0.0,inf,0.0,0.0,0.0,0.0,0.0,0.0,0.0,0.0,0.0,0.0,0.0,0.0,0.0,0.0,0.0,0.0,0.0,0.0,0.0,0.0,0.0,0.0,0.0,0.0,inf,0.0,0.0,inf,0.0,0.0,0.0,0.0,0.0,0.0,0.0,0.0,0.0,0.0,0.0,0.0,0.0,0.0,0.0,inf,0.0,0.0,0.0,0.0,0.0,0.0,0.0,0.0,0.0,0.0,0.0,0.0,0.0,0.0,0.0,0.0,0.0,0.0,0.0,0.0,0.0,0.0,0.0,0.0,0.0,0.0,0.0,0.0,0.0,0.0,0.0,inf,0.0,inf,0.0,0.0,0.0,0.0,0.0,inf,0.0,0.0,inf,0.0,0.0,0.0,0.0,0.0,0.0,0.0,0.0,0.0,inf,inf,0.0,0.0,inf,0.0,0.0,0.0,0.0,0.0,inf,0.0,inf,0.0,0.0,0.0,0.0,0.0,0.0,0.0,0.0,0.0,0.0,0.0,0.0,0.0,0.0,0.0,0.0,0.0,0.0,0.0,0.0,0.0,0.0,0.0,0.0,0.0,0.0,inf,inf,inf,inf,0.0,inf,0.0,0.0,0.0,0.0,0.0,0.0,0.0,0.0,0.0,inf,0.0,inf,0.0,0.0,0.0,inf,0.0,0.0,inf,0.0,0.0,0.0,0.0,0.0,0.0,0.0,0.0
PAST.PERF.IND,0.09,4.5,0.61,1.14,0.0,2.49,7.46,0.32,0.0,0.14,0.98,0.0,0.38,1.74,0.19,0.0,0.0,1.84,0.0,0.88,0.21,3.7,4.63,0.0,1.31,0.5,0.0,0.0,0.33,0.0,1.61,6.59,0.0,0.39,0.0,0.86,0.86,0.0,0.0,0.59,3.01,0.0,0.7,0.7,0.0,6.79,0.0,0.0,0.0,2.82,0.86,0.94,0.0,0.0,0.0,3.38,0.0,1.02,0.0,0.0,9.42,0.0,1.12,0.0,0.0,0.0,0.0,0.0,0.0,0.0,1.25,1.25,0.0,0.0,0.0,0.0,0.0,0.0,0.0,0.0,0.0,0.0,0.0,0.0,0.0,0.0,0.0,0.0,0.0,0.0,0.0,0.0,0.0,1.87,4.51,0.0,0.0,0.0,0.0,5.63,0.0,0.0,0.0,0.0,2.81,2.81,2.81,0.0,0.0,0.0,0.0,0.0,0.0,0.0,3.75,0.0,0.0,0.0,0.0,0.0,11.27,0.0,0.0,0.0,0.0,0.0,0.0,0.0,0.0,0.0,0.0,0.0,0.0,11.27,0.0,0.0,0.0,0.0,inf,0.0,0.0,0.0,0.0,0.0,0.0,0.0,0.0,0.0,5.63,inf,0.0,22.54,0.0,0.0,0.0,5.63,0.0,0.0,0.0,0.0,0.0,0.0,inf,0.0,0.0,0.0,0.0,0.0,0.0,0.0,5.63,5.63,0.0,5.63,0.0,0.0,0.0,0.0,0.0,0.0,0.0,0.0,0.0,11.25,0.0,0.0,0.0,0.0,0.0,0.0,0.0,0.0,0.0,0.0,0.0,0.0,0.0,0.0,0.0,0.0,11.25,0.0,0.0,0.0,0.0,0.0,0.0,0.0,0.0,0.0,0.0,0.0,0.0,0.0,0.0,0.0,0.0,0.0,0.0,0.0,0.0,0.0,inf,inf,0.0,0.0,0.0,0.0,0.0,11.25,0.0,0.0,11.25,0.0,0.0,0.0,0.0,0.0,0.0,0.0,0.0,0.0,inf,0.0,0.0,0.0,0.0,0.0,0.0,0.0,0.0,0.0,0.0,0.0,0.0,0.0,0.0,0.0,0.0,0.0,0.0,0.0,0.0,0.0,0.0,0.0,0.0,0.0,0.0,0.0,inf,0.0,0.0,0.0,0.0,0.0,0.0,0.0,inf,0.0,0.0,0.0,0.0,0.0,0.0,inf,inf,0.0,0.0,inf,0.0,0.0,0.0,0.0,0.0,0.0,0.0,0.0,0.0,0.0,0.0,0.0,0.0,0.0,inf,0.0,0.0,0.0,0.0,0.0,0.0,0.0,inf,0.0,inf,0.0,inf,0.0,0.0,0.0,0.0,0.0,0.0,0.0,inf,0.0,0.0,0.0,0.0,0.0,inf,0.0,0.0,0.0,0.0,0.0,0.0,0.0,0.0,0.0,0.0,inf,0.0,0.0,0.0,0.0,inf,0.0,0.0,inf,0.0,0.0,0.0,0.0,0.0,inf,0.0,0.0,0.0,0.0,0.0,0.0,0.0,0.0,0.0,0.0,inf,0.0,0.0,0.0,0.0,0.0,0.0,0.0,0.0,0.0,0.0,0.0,0.0,inf,0.0,0.0,0.0,0.0,0.0,0.0,0.0,inf,0.0,0.0,0.0,0.0,0.0,0.0,0.0,0.0,0.0,0.0,inf,0.0,0.0,0.0,inf,0.0,0.0,0.0,0.0,0.0,0.0,0.0,0.0,0.0,0.0,0.0,0.0,0.0,0.0,0.0,0.0,0.0,0.0,0.0,0.0,inf,0.0,0.0,0.0,0.0,0.0,0.0,0.0,0.0,0.0,0.0,0.0,0.0,0.0,0.0,0.0,inf,0.0,0.0,0.0,0.0,0.0,0.0,0.0,0.0,0.0,0.0,0.0,0.0,0.0,0.0,0.0,0.0,0.0,0.0,0.0,0.0,0.0,inf,0.0,0.0,0.0,0.0,0.0,0.0,0.0,0.0,0.0,0.0,0.0,0.0,0.0,0.0,0.0,0.0,0.0,0.0,inf,0.0,inf,0.0,0.0,0.0,0.0,0.0,0.0,0.0,0.0,0.0,0.0,0.0,0.0,inf,0.0,0.0,0.0,0.0,0.0,inf,0.0,0.0,0.0,0.0,0.0,0.0,0.0,0.0,0.0,0.0,0.0,0.0,0.0,0.0,0.0,0.0,0.0,0.0,0.0,0.0,0.0,0.0,inf,0.0,0.0,0.0,0.0,0.0,0.0,0.0,0.0,inf,0.0,0.0,0.0,0.0,0.0,0.0,0.0,0.0,0.0,0.0,0.0,0.0,0.0,0.0,0.0,0.0,0.0,0.0,0.0,0.0,0.0,0.0,0.0,0.0,0.0,0.0,0.0,0.0,0.0,0.0,0.0,0.0,0.0,0.0,0.0,0.0,inf,inf,0.0,0.0,0.0,0.0,0.0,0.0,0.0,0.0,0.0,0.0,inf,0.0,0.0,0.0,0.0,0.0,inf,0.0,0.0,0.0,0.0,0.0,0.0,inf,0.0,0.0,0.0,0.0,0.0,0.0,0.0,0.0,0.0,0.0,0.0,0.0,0.0,0.0,0.0,0.0,0.0,0.0,inf,0.0,0.0,0.0,0.0,0.0,0.0,0.0
FUT..IND,1.87,0.0,0.9,1.25,0.0,0.0,0.0,0.0,5.38,1.75,0.0,4.47,0.0,0.0,0.0,0.0,0.0,0.0,0.0,0.0,5.32,0.0,0.0,0.0,0.0,3.02,0.0,0.0,0.0,9.12,0.0,0.0,4.8,0.0,4.98,0.0,10.88,6.06,6.06,0.0,0.0,0.0,0.0,0.0,0.0,0.0,0.0,0.0,0.0,0.0,0.0,0.0,0.0,0.0,0.0,0.0,0.0,0.0,13.96,0.0,0.0,0.0,0.0,0.0,0.0,0.0,0.0,0.0,0.0,0.0,0.0,0.0,0.0,0.0,0.0,40.5,0.0,0.0,0.0,0.0,0.0,0.0,0.0,0.0,0.0,0.0,0.0,0.0,0.0,0.0,23.28,0.0,0.0,0.0,0.0,0.0,0.0,0.0,0.0,0.0,0.0,0.0,0.0,0.0,0.0,0.0,0.0,0.0,0.0,0.0,0.0,0.0,0.0,0.0,0.0,0.0,0.0,0.0,46.57,0.0,0.0,0.0,0.0,0.0,0.0,0.0,0.0,0.0,0.0,0.0,0.0,0.0,0.0,0.0,0.0,0.0,0.0,0.0,0.0,0.0,0.0,0.0,0.0,0.0,0.0,0.0,0.0,0.0,0.0,0.0,0.0,0.0,0.0,0.0,0.0,0.0,0.0,0.0,0.0,0.0,0.0,0.0,0.0,0.0,0.0,0.0,69.87,0.0,0.0,0.0,0.0,0.0,0.0,0.0,0.0,0.0,139.75,0.0,0.0,0.0,0.0,0.0,0.0,0.0,0.0,0.0,0.0,0.0,0.0,0.0,0.0,0.0,0.0,0.0,0.0,0.0,0.0,0.0,0.0,0.0,0.0,0.0,0.0,0.0,0.0,0.0,0.0,0.0,0.0,0.0,0.0,0.0,0.0,0.0,0.0,0.0,0.0,0.0,0.0,0.0,139.75,0.0,0.0,0.0,0.0,0.0,0.0,0.0,0.0,0.0,0.0,0.0,0.0,0.0,0.0,0.0,0.0,0.0,0.0,0.0,0.0,0.0,0.0,0.0,0.0,0.0,0.0,0.0,0.0,0.0,0.0,0.0,0.0,0.0,0.0,0.0,0.0,0.0,0.0,0.0,0.0,0.0,0.0,0.0,0.0,0.0,0.0,0.0,0.0,0.0,0.0,0.0,0.0,0.0,0.0,0.0,0.0,0.0,0.0,0.0,0.0,0.0,0.0,0.0,0.0,0.0,0.0,0.0,0.0,0.0,0.0,0.0,0.0,0.0,0.0,0.0,0.0,0.0,0.0,0.0,0.0,0.0,0.0,0.0,0.0,0.0,0.0,0.0,0.0,0.0,0.0,0.0,0.0,0.0,0.0,0.0,0.0,0.0,0.0,0.0,0.0,0.0,0.0,0.0,0.0,0.0,0.0,0.0,0.0,0.0,0.0,0.0,0.0,0.0,0.0,0.0,0.0,0.0,0.0,0.0,0.0,0.0,0.0,0.0,0.0,0.0,0.0,0.0,0.0,0.0,0.0,0.0,0.0,0.0,0.0,0.0,0.0,0.0,0.0,0.0,0.0,0.0,0.0,inf,0.0,0.0,0.0,0.0,0.0,0.0,0.0,0.0,0.0,0.0,0.0,0.0,0.0,0.0,0.0,0.0,0.0,0.0,0.0,0.0,0.0,0.0,0.0,0.0,0.0,0.0,0.0,0.0,0.0,0.0,0.0,0.0,0.0,0.0,0.0,0.0,0.0,0.0,0.0,0.0,0.0,0.0,0.0,0.0,0.0,0.0,inf,0.0,0.0,0.0,0.0,0.0,0.0,0.0,0.0,0.0,0.0,0.0,0.0,0.0,0.0,0.0,0.0,0.0,0.0,0.0,0.0,0.0,0.0,0.0,0.0,0.0,0.0,0.0,0.0,0.0,0.0,0.0,0.0,0.0,0.0,0.0,0.0,0.0,0.0,0.0,0.0,0.0,0.0,0.0,0.0,0.0,0.0,0.0,0.0,0.0,0.0,0.0,0.0,0.0,0.0,0.0,0.0,0.0,0.0,0.0,0.0,0.0,0.0,0.0,0.0,0.0,0.0,0.0,0.0,0.0,0.0,0.0,0.0,0.0,0.0,0.0,0.0,0.0,0.0,0.0,0.0,0.0,0.0,0.0,0.0,0.0,0.0,0.0,0.0,0.0,0.0,0.0,0.0,0.0,0.0,0.0,0.0,0.0,0.0,0.0,0.0,0.0,0.0,inf,0.0,0.0,0.0,0.0,0.0,0.0,0.0,0.0,0.0,0.0,0.0,0.0,0.0,0.0,0.0,0.0,0.0,0.0,0.0,0.0,0.0,0.0,0.0,0.0,0.0,0.0,0.0,0.0,0.0,0.0,0.0,0.0,0.0,0.0,0.0,0.0,0.0,0.0,0.0,0.0,0.0,0.0,0.0,0.0,0.0,0.0,0.0,0.0,0.0,0.0,0.0,0.0,0.0,0.0,0.0,0.0,0.0,0.0,0.0,0.0,0.0,0.0,0.0,0.0,0.0,0.0,0.0,0.0,0.0,0.0,0.0,0.0,0.0,0.0,0.0,0.0,0.0,0.0,0.0,0.0,0.0,0.0,0.0,0.0,0.0,0.0,0.0,0.0,0.0,0.0,0.0,0.0,0.0,0.0,0.0,0.0,0.0,0.0,0.0,0.0,0.0,0.0,0.0,0.0,0.0,0.0,0.0,0.0
PAST..SUBJ,0.84,0.28,6.6,0.18,0.0,0.0,0.0,0.0,0.0,0.0,0.0,2.42,0.0,2.63,0.0,0.0,0.0,0.0,0.0,0.0,0.0,0.0,0.0,0.0,0.0,0.0,0.0,0.0,0.0,4.86,0.0,0.0,11.29,0.0,0.0,5.76,0.0,0.0,0.0,0.0,0.0,0.0,0.0,0.0,0.0,0.0,0.0,0.0,0.0,0.0,0.0,0.0,0.0,0.0,0.0,0.0,0.0,0.0,0.0,0.0,0.0,0.0,0.0,0.0,0.0,0.0,0.0,0.0,0.0,0.0,0.0,0.0,0.0,0.0,80.55,0.0,0.0,0.0,0.0,0.0,0.0,0.0,0.0,0.0,0.0,0.0,0.0,0.0,0.0,0.0,0.0,0.0,0.0,0.0,0.0,0.0,0.0,0.0,0.0,0.0,0.0,0.0,0.0,0.0,0.0,0.0,0.0,0.0,0.0,0.0,0.0,0.0,0.0,0.0,0.0,0.0,0.0,0.0,0.0,0.0,0.0,0.0,0.0,0.0,0.0,0.0,0.0,0.0,0.0,0.0,0.0,0.0,0.0,51.96,0.0,0.0,0.0,0.0,0.0,0.0,0.0,0.0,0.0,0.0,0.0,0.0,0.0,0.0,0.0,0.0,0.0,0.0,0.0,inf,0.0,0.0,0.0,0.0,0.0,0.0,0.0,0.0,0.0,0.0,0.0,0.0,0.0,0.0,0.0,0.0,0.0,0.0,0.0,0.0,0.0,0.0,0.0,0.0,0.0,0.0,0.0,0.0,0.0,0.0,0.0,0.0,0.0,0.0,0.0,0.0,0.0,0.0,0.0,0.0,0.0,0.0,0.0,0.0,0.0,0.0,0.0,0.0,0.0,0.0,0.0,0.0,0.0,0.0,0.0,0.0,0.0,0.0,0.0,0.0,0.0,0.0,0.0,0.0,0.0,0.0,0.0,0.0,0.0,0.0,0.0,0.0,0.0,0.0,0.0,0.0,0.0,0.0,0.0,0.0,0.0,0.0,0.0,0.0,0.0,0.0,0.0,0.0,0.0,0.0,0.0,0.0,0.0,0.0,0.0,0.0,0.0,0.0,0.0,0.0,0.0,0.0,0.0,0.0,0.0,0.0,0.0,0.0,0.0,0.0,0.0,0.0,0.0,0.0,0.0,0.0,0.0,0.0,0.0,0.0,0.0,0.0,0.0,0.0,0.0,0.0,0.0,0.0,0.0,0.0,0.0,0.0,0.0,0.0,0.0,0.0,0.0,0.0,0.0,0.0,0.0,0.0,0.0,0.0,0.0,0.0,0.0,0.0,0.0,0.0,0.0,0.0,0.0,0.0,0.0,0.0,0.0,0.0,0.0,0.0,0.0,0.0,0.0,0.0,0.0,0.0,0.0,0.0,0.0,0.0,0.0,0.0,0.0,0.0,0.0,0.0,0.0,0.0,0.0,0.0,0.0,0.0,0.0,0.0,0.0,0.0,0.0,0.0,0.0,0.0,0.0,0.0,0.0,0.0,0.0,0.0,0.0,0.0,0.0,0.0,0.0,0.0,0.0,0.0,0.0,0.0,0.0,0.0,0.0,0.0,0.0,0.0,0.0,0.0,0.0,0.0,0.0,0.0,0.0,0.0,0.0,0.0,0.0,0.0,0.0,0.0,0.0,0.0,0.0,0.0,0.0,0.0,0.0,0.0,0.0,0.0,0.0,0.0,0.0,0.0,0.0,0.0,0.0,0.0,0.0,0.0,0.0,0.0,0.0,0.0,0.0,0.0,0.0,0.0,0.0,0.0,0.0,0.0,0.0,0.0,0.0,0.0,0.0,0.0,0.0,0.0,0.0,0.0,0.0,0.0,0.0,0.0,0.0,0.0,0.0,0.0,0.0,0.0,0.0,0.0,0.0,0.0,0.0,0.0,0.0,0.0,0.0,0.0,0.0,0.0,0.0,0.0,0.0,0.0,0.0,0.0,0.0,0.0,0.0,0.0,0.0,0.0,0.0,0.0,0.0,0.0,0.0,0.0,0.0,0.0,0.0,0.0,0.0,0.0,0.0,0.0,0.0,0.0,0.0,0.0,0.0,0.0,0.0,0.0,0.0,0.0,0.0,0.0,0.0,0.0,0.0,0.0,0.0,0.0,0.0,0.0,0.0,0.0,0.0,0.0,0.0,0.0,0.0,0.0,0.0,0.0,0.0,0.0,0.0,0.0,0.0,0.0,0.0,0.0,0.0,0.0,0.0,0.0,0.0,0.0,0.0,0.0,0.0,0.0,0.0,0.0,0.0,0.0,0.0,0.0,0.0,0.0,0.0,0.0,0.0,0.0,0.0,0.0,0.0,0.0,0.0,0.0,0.0,0.0,0.0,0.0,0.0,0.0,inf,0.0,0.0,0.0,0.0,0.0,0.0,0.0,0.0,0.0,0.0,0.0,0.0,0.0,0.0,0.0,0.0,0.0,0.0,0.0,0.0,0.0,0.0,0.0,0.0,0.0,0.0,0.0,0.0,0.0,0.0,0.0,0.0,0.0,0.0,0.0,0.0,0.0,0.0,0.0,0.0,0.0,0.0,0.0,0.0,0.0,0.0,0.0,0.0,0.0,0.0,0.0,0.0,0.0,0.0,0.0,0.0,0.0,0.0,0.0,0.0,0.0,0.0,0.0,0.0,0.0,0.0,0.0,0.0,0.0,0.0,0.0,0.0,0.0,0.0,0.0,inf,inf,0.0,0.0
PRES..MOD,0.27,0.1,7.29,0.64,0.0,0.0,1.06,1.23,0.0,0.0,2.36,2.74,0.0,9.58,0.0,0.0,0.0,0.0,0.0,0.0,0.0,0.0,0.0,0.0,0.0,0.0,0.0,0.0,0.0,11.55,0.0,0.0,0.0,0.0,6.28,6.51,0.0,0.0,0.0,0.0,0.0,0.0,0.0,0.0,0.0,0.0,0.0,0.0,0.0,0.0,0.0,0.0,0.0,0.0,0.0,0.0,0.0,0.0,0.0,0.0,0.0,0.0,0.0,0.0,0.0,0.0,0.0,0.0,0.0,0.0,0.0,0.0,0.0,0.0,22.01,0.0,0.0,0.0,0.0,0.0,0.0,0.0,0.0,0.0,0.0,25.16,0.0,0.0,0.0,0.0,0.0,0.0,0.0,0.0,0.0,0.0,0.0,0.0,0.0,0.0,0.0,0.0,0.0,0.0,0.0,0.0,0.0,0.0,0.0,0.0,0.0,0.0,0.0,0.0,0.0,0.0,0.0,0.0,0.0,0.0,0.0,0.0,0.0,0.0,58.73,0.0,0.0,0.0,0.0,0.0,0.0,0.0,0.0,0.0,0.0,0.0,0.0,0.0,0.0,0.0,0.0,0.0,0.0,0.0,0.0,0.0,0.0,0.0,0.0,0.0,0.0,0.0,0.0,0.0,0.0,0.0,0.0,0.0,0.0,0.0,0.0,0.0,0.0,0.0,0.0,0.0,0.0,0.0,0.0,0.0,0.0,0.0,0.0,0.0,0.0,0.0,176.24,0.0,0.0,0.0,0.0,0.0,0.0,0.0,0.0,0.0,0.0,0.0,0.0,0.0,0.0,0.0,0.0,0.0,0.0,0.0,0.0,0.0,0.0,0.0,0.0,0.0,0.0,0.0,0.0,0.0,0.0,0.0,0.0,0.0,0.0,0.0,0.0,0.0,0.0,0.0,0.0,0.0,0.0,0.0,0.0,0.0,0.0,0.0,0.0,0.0,0.0,0.0,0.0,0.0,0.0,0.0,0.0,0.0,0.0,0.0,0.0,0.0,0.0,0.0,0.0,inf,0.0,0.0,176.24,0.0,0.0,0.0,0.0,0.0,0.0,0.0,0.0,0.0,0.0,0.0,0.0,0.0,0.0,0.0,0.0,0.0,0.0,0.0,0.0,0.0,0.0,0.0,0.0,0.0,0.0,0.0,0.0,0.0,0.0,0.0,0.0,0.0,0.0,0.0,0.0,0.0,0.0,0.0,0.0,0.0,0.0,0.0,0.0,0.0,0.0,0.0,0.0,0.0,0.0,0.0,0.0,0.0,0.0,0.0,0.0,0.0,0.0,0.0,0.0,0.0,0.0,0.0,0.0,0.0,0.0,0.0,0.0,0.0,0.0,0.0,0.0,0.0,0.0,0.0,0.0,0.0,0.0,0.0,0.0,0.0,0.0,0.0,0.0,0.0,0.0,0.0,0.0,0.0,0.0,0.0,0.0,0.0,0.0,0.0,0.0,0.0,0.0,0.0,0.0,0.0,0.0,0.0,0.0,0.0,0.0,0.0,0.0,0.0,0.0,0.0,0.0,0.0,0.0,0.0,0.0,0.0,0.0,0.0,0.0,0.0,0.0,0.0,0.0,0.0,0.0,0.0,0.0,0.0,0.0,0.0,0.0,0.0,0.0,0.0,0.0,0.0,0.0,0.0,0.0,0.0,0.0,0.0,0.0,inf,0.0,0.0,0.0,0.0,0.0,0.0,0.0,0.0,0.0,0.0,0.0,0.0,0.0,0.0,0.0,0.0,0.0,0.0,0.0,0.0,0.0,0.0,0.0,0.0,0.0,0.0,0.0,0.0,0.0,0.0,0.0,0.0,0.0,0.0,0.0,0.0,0.0,0.0,0.0,0.0,0.0,0.0,0.0,0.0,0.0,0.0,0.0,0.0,0.0,0.0,0.0,0.0,0.0,0.0,0.0,0.0,0.0,0.0,0.0,0.0,0.0,0.0,0.0,0.0,0.0,0.0,0.0,0.0,0.0,0.0,0.0,0.0,0.0,0.0,0.0,0.0,0.0,0.0,0.0,0.0,0.0,0.0,0.0,0.0,0.0,0.0,0.0,0.0,0.0,0.0,0.0,0.0,0.0,0.0,0.0,0.0,0.0,0.0,0.0,0.0,0.0,0.0,0.0,0.0,0.0,0.0,0.0,0.0,0.0,0.0,0.0,0.0,0.0,0.0,0.0,0.0,0.0,0.0,0.0,0.0,0.0,0.0,0.0,0.0,0.0,0.0,0.0,0.0,0.0,0.0,0.0,0.0,0.0,0.0,0.0,0.0,0.0,0.0,0.0,0.0,0.0,0.0,0.0,0.0,0.0,0.0,0.0,0.0,0.0,0.0,0.0,0.0,0.0,0.0,0.0,0.0,0.0,0.0,0.0,0.0,0.0,0.0,0.0,0.0,0.0,0.0,0.0,0.0,0.0,0.0,0.0,0.0,0.0,0.0,0.0,0.0,0.0,0.0,0.0,0.0,0.0,0.0,0.0,0.0,0.0,0.0,0.0,0.0,0.0,0.0,0.0,0.0,0.0,0.0,0.0,0.0,0.0,0.0,0.0,0.0,0.0,0.0,0.0,0.0,0.0,0.0,0.0,0.0,0.0,0.0,0.0,0.0,0.0,0.0,0.0,0.0,0.0,0.0,0.0,0.0,0.0,0.0,0.0,0.0,0.0,0.0,0.0,0.0,0.0,0.0,0.0,0.0
PRES..,1.16,0.36,1.28,0.36,0.0,0.0,0.0,0.0,4.51,3.86,4.13,0.0,0.0,10.9,0.0,5.37,0.0,0.0,0.0,0.0,0.0,0.0,0.0,0.0,0.0,0.0,0.0,0.0,0.0,0.0,0.0,0.0,0.0,10.58,0.0,11.37,0.0,0.0,13.35,0.0,37.35,0.0,0.0,0.0,0.0,20.49,0.0,0.0,0.0,0.0,0.0,0.0,0.0,0.0,0.0,0.0,0.0,0.0,0.0,0.0,0.0,0.0,0.0,0.0,0.0,0.0,34.16,0.0,0.0,0.0,0.0,0.0,0.0,0.0,0.0,38.44,0.0,0.0,0.0,0.0,0.0,0.0,0.0,0.0,0.0,0.0,0.0,0.0,0.0,0.0,0.0,0.0,0.0,0.0,0.0,0.0,0.0,0.0,0.0,0.0,0.0,0.0,0.0,0.0,0.0,76.91,0.0,0.0,0.0,0.0,0.0,0.0,0.0,0.0,0.0,0.0,0.0,0.0,0.0,0.0,0.0,0.0,0.0,0.0,0.0,0.0,0.0,0.0,0.0,0.0,0.0,0.0,0.0,0.0,0.0,0.0,0.0,0.0,0.0,0.0,0.0,0.0,0.0,0.0,0.0,0.0,0.0,0.0,0.0,0.0,0.0,0.0,0.0,0.0,0.0,0.0,0.0,0.0,0.0,0.0,0.0,0.0,0.0,0.0,0.0,0.0,0.0,0.0,0.0,0.0,0.0,0.0,0.0,0.0,0.0,0.0,0.0,0.0,0.0,0.0,0.0,0.0,0.0,0.0,0.0,0.0,0.0,0.0,0.0,0.0,0.0,0.0,0.0,0.0,0.0,0.0,0.0,0.0,0.0,0.0,0.0,0.0,0.0,0.0,0.0,0.0,0.0,0.0,0.0,0.0,0.0,0.0,0.0,0.0,0.0,0.0,0.0,0.0,0.0,0.0,0.0,0.0,0.0,0.0,0.0,0.0,0.0,0.0,0.0,0.0,0.0,0.0,0.0,0.0,0.0,0.0,0.0,0.0,0.0,0.0,0.0,0.0,0.0,0.0,0.0,0.0,0.0,0.0,0.0,0.0,0.0,0.0,0.0,0.0,0.0,0.0,0.0,0.0,0.0,0.0,0.0,0.0,0.0,0.0,0.0,0.0,0.0,0.0,0.0,0.0,0.0,0.0,0.0,0.0,0.0,0.0,0.0,0.0,0.0,0.0,0.0,0.0,0.0,0.0,0.0,0.0,0.0,0.0,0.0,0.0,0.0,0.0,0.0,0.0,0.0,0.0,0.0,0.0,0.0,0.0,0.0,0.0,0.0,0.0,0.0,0.0,0.0,0.0,0.0,0.0,0.0,0.0,0.0,0.0,0.0,0.0,0.0,0.0,0.0,0.0,0.0,0.0,0.0,0.0,0.0,0.0,0.0,0.0,0.0,0.0,0.0,0.0,0.0,0.0,0.0,0.0,0.0,0.0,0.0,0.0,0.0,0.0,0.0,0.0,0.0,0.0,0.0,0.0,0.0,0.0,0.0,0.0,0.0,0.0,0.0,0.0,0.0,0.0,0.0,0.0,0.0,0.0,0.0,0.0,0.0,0.0,0.0,0.0,0.0,0.0,0.0,0.0,0.0,0.0,0.0,0.0,0.0,0.0,0.0,0.0,0.0,0.0,0.0,0.0,0.0,0.0,0.0,0.0,0.0,0.0,0.0,0.0,0.0,0.0,0.0,0.0,0.0,0.0,0.0,0.0,0.0,0.0,0.0,0.0,0.0,0.0,0.0,0.0,0.0,0.0,0.0,0.0,0.0,0.0,0.0,0.0,0.0,0.0,0.0,0.0,0.0,0.0,0.0,0.0,0.0,0.0,0.0,0.0,0.0,0.0,0.0,0.0,0.0,0.0,0.0,0.0,0.0,0.0,0.0,0.0,0.0,0.0,0.0,0.0,0.0,0.0,0.0,0.0,0.0,0.0,0.0,0.0,0.0,0.0,0.0,0.0,0.0,0.0,0.0,0.0,0.0,0.0,0.0,0.0,0.0,0.0,0.0,0.0,0.0,0.0,0.0,0.0,0.0,0.0,0.0,0.0,0.0,0.0,0.0,0.0,0.0,0.0,0.0,0.0,0.0,0.0,0.0,0.0,0.0,0.0,0.0,0.0,0.0,0.0,0.0,0.0,0.0,0.0,0.0,0.0,0.0,0.0,0.0,0.0,0.0,0.0,0.0,0.0,0.0,0.0,0.0,0.0,0.0,0.0,0.0,0.0,0.0,0.0,0.0,0.0,0.0,0.0,0.0,0.0,0.0,0.0,0.0,0.0,0.0,0.0,0.0,0.0,0.0,0.0,0.0,0.0,0.0,0.0,0.0,0.0,0.0,0.0,0.0,0.0,0.0,0.0,0.0,0.0,0.0,0.0,0.0,0.0,0.0,0.0,0.0,0.0,0.0,0.0,0.0,0.0,0.0,0.0,0.0,0.0,0.0,0.0,0.0,0.0,0.0,0.0,0.0,0.0,0.0,0.0,0.0,0.0,0.0,0.0,0.0,0.0,0.0,0.0,0.0,0.0,0.0,0.0,0.0,0.0,0.0,0.0,0.0,0.0,0.0,0.0,0.0,0.0,0.0,0.0,0.0,0.0,0.0,0.0,0.0,0.0,0.0,0.0,0.0,0.0,0.0,0.0,0.0,0.0,0.0,0.0,0.0,0.0,0.0,0.0,0.0,0.0,0.0,0.0
PRES.PROG.IND,1.34,0.68,0.86,0.65,0.0,0.0,0.0,0.0,0.0,0.0,0.0,60.87,0.0,0.0,0.0,0.0,0.0,0.0,0.0,0.0,0.0,0.0,0.0,0.0,0.0,0.0,0.0,0.0,0.0,0.0,0.0,0.0,0.0,0.0,0.0,0.0,0.0,0.0,0.0,0.0,0.0,0.0,0.0,0.0,0.0,0.0,0.0,0.0,0.0,0.0,0.0,0.0,0.0,0.0,0.0,0.0,0.0,0.0,0.0,0.0,0.0,0.0,0.0,0.0,0.0,0.0,0.0,0.0,0.0,0.0,0.0,0.0,0.0,0.0,0.0,0.0,0.0,0.0,0.0,0.0,0.0,0.0,0.0,0.0,0.0,0.0,0.0,0.0,0.0,0.0,0.0,0.0,0.0,0.0,0.0,0.0,0.0,0.0,0.0,0.0,0.0,0.0,0.0,0.0,0.0,0.0,0.0,0.0,0.0,0.0,0.0,0.0,0.0,0.0,0.0,0.0,0.0,0.0,0.0,0.0,0.0,0.0,0.0,187.29,0.0,0.0,0.0,0.0,0.0,0.0,0.0,0.0,0.0,0.0,0.0,0.0,0.0,0.0,0.0,0.0,0.0,0.0,0.0,0.0,0.0,0.0,0.0,0.0,0.0,0.0,0.0,0.0,0.0,0.0,0.0,0.0,0.0,0.0,0.0,0.0,0.0,0.0,0.0,0.0,0.0,0.0,0.0,0.0,0.0,0.0,0.0,0.0,0.0,0.0,0.0,0.0,0.0,0.0,0.0,0.0,0.0,0.0,0.0,0.0,0.0,0.0,0.0,0.0,0.0,0.0,0.0,0.0,0.0,0.0,0.0,0.0,0.0,0.0,0.0,0.0,0.0,0.0,0.0,0.0,0.0,0.0,0.0,0.0,0.0,0.0,0.0,0.0,0.0,0.0,0.0,0.0,0.0,0.0,0.0,0.0,0.0,0.0,0.0,0.0,0.0,0.0,0.0,0.0,0.0,0.0,0.0,0.0,0.0,0.0,0.0,0.0,0.0,0.0,0.0,0.0,0.0,0.0,0.0,0.0,0.0,0.0,0.0,0.0,0.0,0.0,0.0,0.0,0.0,0.0,0.0,0.0,0.0,0.0,0.0,0.0,0.0,0.0,0.0,0.0,0.0,0.0,0.0,0.0,0.0,0.0,0.0,0.0,0.0,0.0,0.0,0.0,0.0,0.0,0.0,0.0,0.0,0.0,0.0,0.0,0.0,0.0,0.0,0.0,0.0,0.0,0.0,0.0,0.0,0.0,0.0,0.0,0.0,0.0,0.0,0.0,0.0,0.0,0.0,0.0,0.0,0.0,0.0,0.0,0.0,0.0,0.0,0.0,0.0,0.0,0.0,0.0,0.0,0.0,0.0,0.0,0.0,0.0,0.0,0.0,0.0,0.0,0.0,0.0,0.0,0.0,0.0,0.0,0.0,0.0,0.0,0.0,0.0,0.0,inf,0.0,0.0,0.0,0.0,0.0,inf,0.0,0.0,0.0,0.0,0.0,0.0,0.0,0.0,0.0,0.0,0.0,0.0,0.0,0.0,0.0,0.0,0.0,0.0,0.0,0.0,0.0,0.0,0.0,0.0,0.0,0.0,0.0,0.0,0.0,0.0,0.0,0.0,0.0,0.0,0.0,0.0,0.0,0.0,0.0,0.0,0.0,0.0,0.0,0.0,0.0,0.0,0.0,0.0,0.0,0.0,0.0,0.0,0.0,0.0,0.0,0.0,0.0,0.0,0.0,0.0,0.0,0.0,0.0,0.0,0.0,0.0,0.0,0.0,0.0,0.0,0.0,0.0,0.0,0.0,0.0,0.0,0.0,0.0,0.0,0.0,0.0,0.0,0.0,0.0,0.0,0.0,0.0,0.0,0.0,0.0,0.0,0.0,0.0,0.0,0.0,0.0,0.0,0.0,0.0,0.0,0.0,0.0,0.0,0.0,0.0,0.0,0.0,0.0,0.0,0.0,0.0,0.0,0.0,0.0,0.0,0.0,0.0,0.0,0.0,0.0,0.0,0.0,0.0,0.0,0.0,0.0,0.0,0.0,0.0,0.0,0.0,0.0,0.0,0.0,0.0,0.0,0.0,0.0,0.0,0.0,0.0,0.0,0.0,0.0,0.0,0.0,0.0,0.0,0.0,0.0,0.0,0.0,0.0,0.0,0.0,0.0,0.0,0.0,0.0,0.0,0.0,0.0,0.0,0.0,0.0,0.0,0.0,0.0,0.0,0.0,0.0,0.0,0.0,0.0,0.0,0.0,0.0,0.0,0.0,0.0,0.0,0.0,0.0,0.0,0.0,0.0,0.0,0.0,0.0,0.0,0.0,0.0,0.0,0.0,0.0,0.0,0.0,0.0,0.0,0.0,0.0,0.0,0.0,0.0,0.0,0.0,0.0,0.0,0.0,0.0,0.0,0.0,0.0,0.0,0.0,0.0,0.0,0.0,0.0,0.0,0.0,0.0,0.0,0.0,0.0,0.0,0.0,0.0,0.0,0.0,0.0,0.0,0.0,0.0,0.0,0.0,0.0,0.0,0.0,0.0,0.0,0.0,0.0,0.0,0.0,0.0,0.0,0.0,0.0,0.0,0.0,0.0,0.0,0.0,0.0,0.0,0.0,0.0,0.0,0.0,0.0,0.0,0.0,0.0,0.0,0.0,0.0,0.0,0.0,0.0,0.0,0.0,0.0,0.0,0.0,0.0,0.0
PAST.PROG.IND,0.63,0.0,5.93,0.92,0.0,0.0,10.48,0.0,0.0,0.0,0.0,0.0,0.0,13.42,0.0,0.0,0.0,0.0,0.0,0.0,0.0,0.0,0.0,0.0,0.0,0.0,0.0,0.0,0.0,0.0,0.0,0.0,0.0,0.0,0.0,0.0,0.0,0.0,0.0,0.0,0.0,0.0,0.0,0.0,0.0,0.0,0.0,0.0,0.0,0.0,0.0,0.0,0.0,0.0,0.0,0.0,0.0,72.34,0.0,0.0,0.0,0.0,0.0,0.0,0.0,0.0,0.0,0.0,0.0,0.0,0.0,0.0,0.0,0.0,0.0,0.0,0.0,0.0,0.0,0.0,0.0,0.0,0.0,0.0,0.0,0.0,0.0,0.0,0.0,0.0,0.0,0.0,0.0,0.0,0.0,0.0,0.0,0.0,0.0,0.0,0.0,0.0,0.0,0.0,0.0,0.0,0.0,0.0,0.0,0.0,0.0,0.0,0.0,0.0,0.0,0.0,0.0,0.0,0.0,0.0,0.0,0.0,0.0,0.0,0.0,0.0,0.0,0.0,0.0,0.0,0.0,0.0,0.0,0.0,0.0,0.0,0.0,0.0,0.0,0.0,0.0,0.0,0.0,0.0,0.0,0.0,0.0,0.0,0.0,0.0,0.0,0.0,0.0,0.0,0.0,0.0,0.0,0.0,0.0,0.0,0.0,0.0,0.0,0.0,0.0,0.0,0.0,0.0,0.0,0.0,0.0,0.0,0.0,0.0,0.0,0.0,0.0,0.0,0.0,0.0,0.0,0.0,0.0,0.0,0.0,0.0,0.0,0.0,0.0,0.0,0.0,0.0,0.0,0.0,0.0,0.0,0.0,0.0,0.0,0.0,0.0,0.0,0.0,0.0,0.0,0.0,0.0,0.0,0.0,0.0,0.0,0.0,0.0,0.0,0.0,0.0,0.0,0.0,0.0,0.0,0.0,0.0,0.0,0.0,0.0,0.0,0.0,0.0,0.0,0.0,0.0,0.0,0.0,0.0,0.0,0.0,0.0,0.0,0.0,0.0,0.0,0.0,0.0,0.0,0.0,0.0,0.0,0.0,0.0,0.0,0.0,0.0,0.0,0.0,0.0,0.0,0.0,0.0,0.0,0.0,0.0,0.0,0.0,0.0,0.0,0.0,0.0,0.0,0.0,0.0,0.0,0.0,0.0,0.0,0.0,0.0,0.0,0.0,0.0,0.0,0.0,0.0,0.0,0.0,0.0,0.0,0.0,0.0,0.0,0.0,0.0,0.0,0.0,0.0,0.0,0.0,0.0,0.0,0.0,0.0,0.0,0.0,0.0,0.0,0.0,0.0,0.0,0.0,0.0,0.0,0.0,0.0,0.0,0.0,0.0,0.0,0.0,0.0,0.0,0.0,0.0,0.0,0.0,0.0,0.0,0.0,0.0,0.0,0.0,0.0,0.0,0.0,0.0,0.0,0.0,0.0,0.0,0.0,0.0,0.0,0.0,0.0,0.0,0.0,0.0,0.0,0.0,0.0,0.0,0.0,0.0,0.0,0.0,0.0,0.0,0.0,0.0,0.0,0.0,0.0,0.0,0.0,0.0,0.0,0.0,0.0,0.0,0.0,0.0,0.0,0.0,0.0,0.0,0.0,0.0,0.0,0.0,0.0,0.0,0.0,0.0,0.0,0.0,0.0,0.0,0.0,0.0,0.0,0.0,0.0,0.0,0.0,0.0,0.0,0.0,0.0,0.0,0.0,0.0,0.0,0.0,0.0,0.0,0.0,0.0,0.0,0.0,0.0,0.0,0.0,0.0,0.0,0.0,0.0,0.0,0.0,0.0,0.0,0.0,0.0,0.0,0.0,0.0,0.0,0.0,0.0,0.0,0.0,0.0,0.0,0.0,0.0,0.0,0.0,0.0,0.0,0.0,0.0,0.0,0.0,0.0,0.0,0.0,0.0,0.0,0.0,0.0,0.0,0.0,0.0,0.0,0.0,0.0,0.0,0.0,0.0,0.0,0.0,0.0,0.0,0.0,0.0,0.0,0.0,0.0,0.0,0.0,0.0,0.0,0.0,0.0,0.0,0.0,0.0,0.0,0.0,0.0,0.0,0.0,0.0,0.0,0.0,0.0,0.0,0.0,0.0,0.0,0.0,0.0,0.0,0.0,0.0,0.0,0.0,0.0,0.0,0.0,0.0,0.0,0.0,0.0,0.0,0.0,0.0,0.0,0.0,0.0,0.0,0.0,0.0,0.0,0.0,0.0,0.0,0.0,0.0,0.0,0.0,0.0,0.0,0.0,0.0,0.0,0.0,0.0,0.0,0.0,0.0,0.0,0.0,0.0,0.0,0.0,0.0,0.0,0.0,0.0,0.0,0.0,0.0,0.0,0.0,0.0,0.0,0.0,0.0,0.0,0.0,0.0,0.0,0.0,0.0,0.0,0.0,0.0,0.0,0.0,0.0,0.0,0.0,0.0,0.0,0.0,0.0,0.0,0.0,0.0,0.0,0.0,0.0,0.0,0.0,0.0,0.0,0.0,0.0,0.0,0.0,0.0,0.0,0.0,0.0,0.0,0.0,0.0,0.0,0.0,0.0,0.0,0.0,0.0,0.0,0.0,0.0,0.0,0.0,0.0,0.0,0.0,0.0,0.0,0.0,0.0,0.0,0.0,0.0,0.0,0.0,0.0,0.0,0.0,0.0,0.0,0.0,0.0,0.0,0.0,0.0,0.0,0.0,0.0,0.0
..,5.23,0.0,0.0,0.0,0.0,0.0,0.0,0.0,0.0,0.0,0.0,0.0,0.0,0.0,0.0,0.0,0.0,0.0,0.0,0.0,0.0,0.0,0.0,0.0,0.0,0.0,0.0,0.0,0.0,0.0,0.0,0.0,0.0,0.0,0.0,0.0,0.0,0.0,0.0,0.0,0.0,0.0,0.0,0.0,0.0,0.0,0.0,0.0,0.0,0.0,0.0,0.0,0.0,0.0,0.0,0.0,0.0,0.0,0.0,0.0,0.0,0.0,0.0,0.0,0.0,0.0,0.0,0.0,0.0,0.0,0.0,0.0,0.0,0.0,0.0,0.0,0.0,0.0,0.0,0.0,0.0,0.0,0.0,0.0,0.0,0.0,0.0,0.0,0.0,0.0,0.0,0.0,0.0,0.0,0.0,0.0,0.0,0.0,0.0,0.0,0.0,0.0,0.0,0.0,0.0,0.0,0.0,0.0,0.0,0.0,0.0,0.0,0.0,0.0,0.0,0.0,0.0,0.0,0.0,0.0,0.0,0.0,0.0,0.0,0.0,0.0,797.08,0.0,0.0,0.0,0.0,0.0,0.0,0.0,0.0,0.0,0.0,0.0,0.0,0.0,0.0,0.0,0.0,0.0,0.0,0.0,0.0,0.0,0.0,0.0,0.0,0.0,0.0,0.0,0.0,0.0,0.0,0.0,0.0,0.0,0.0,0.0,0.0,0.0,0.0,0.0,0.0,0.0,0.0,0.0,0.0,0.0,0.0,0.0,0.0,0.0,0.0,0.0,0.0,0.0,0.0,0.0,0.0,0.0,0.0,0.0,0.0,0.0,0.0,0.0,0.0,0.0,0.0,0.0,0.0,0.0,0.0,0.0,0.0,0.0,0.0,0.0,0.0,0.0,0.0,0.0,0.0,0.0,0.0,0.0,0.0,0.0,0.0,0.0,0.0,0.0,0.0,0.0,0.0,0.0,0.0,0.0,0.0,0.0,0.0,0.0,0.0,0.0,0.0,0.0,0.0,0.0,0.0,0.0,0.0,0.0,0.0,0.0,0.0,0.0,0.0,0.0,0.0,0.0,0.0,0.0,0.0,0.0,0.0,0.0,0.0,0.0,0.0,0.0,0.0,0.0,0.0,0.0,0.0,0.0,0.0,0.0,0.0,0.0,0.0,0.0,0.0,0.0,0.0,0.0,0.0,0.0,0.0,0.0,0.0,0.0,0.0,0.0,0.0,0.0,0.0,0.0,0.0,0.0,0.0,0.0,0.0,0.0,0.0,0.0,0.0,0.0,0.0,0.0,0.0,0.0,0.0,0.0,0.0,0.0,0.0,0.0,0.0,0.0,0.0,0.0,0.0,0.0,0.0,0.0,0.0,0.0,0.0,0.0,0.0,0.0,0.0,0.0,0.0,0.0,0.0,0.0,0.0,0.0,0.0,0.0,0.0,0.0,0.0,0.0,0.0,0.0,0.0,0.0,0.0,0.0,0.0,0.0,0.0,0.0,0.0,0.0,0.0,0.0,0.0,0.0,0.0,0.0,0.0,0.0,0.0,0.0,0.0,0.0,0.0,0.0,0.0,0.0,0.0,0.0,0.0,0.0,0.0,0.0,0.0,0.0,0.0,0.0,0.0,0.0,0.0,0.0,0.0,0.0,0.0,0.0,0.0,0.0,0.0,0.0,0.0,0.0,0.0,0.0,0.0,0.0,0.0,0.0,0.0,0.0,0.0,0.0,0.0,0.0,0.0,0.0,0.0,0.0,0.0,0.0,0.0,0.0,0.0,0.0,0.0,0.0,0.0,0.0,0.0,0.0,0.0,0.0,0.0,0.0,0.0,0.0,0.0,0.0,0.0,0.0,0.0,0.0,0.0,0.0,0.0,0.0,0.0,0.0,0.0,0.0,0.0,0.0,0.0,0.0,0.0,0.0,0.0,0.0,0.0,0.0,0.0,0.0,0.0,0.0,0.0,0.0,0.0,0.0,0.0,0.0,0.0,0.0,0.0,0.0,0.0,0.0,0.0,0.0,0.0,inf,0.0,0.0,0.0,0.0,0.0,0.0,0.0,0.0,0.0,0.0,0.0,0.0,0.0,0.0,0.0,0.0,0.0,0.0,0.0,0.0,0.0,0.0,0.0,0.0,0.0,0.0,0.0,0.0,0.0,0.0,0.0,0.0,0.0,0.0,0.0,0.0,0.0,0.0,0.0,0.0,0.0,0.0,0.0,0.0,0.0,0.0,0.0,0.0,0.0,0.0,0.0,0.0,0.0,0.0,0.0,0.0,0.0,0.0,0.0,0.0,0.0,0.0,0.0,0.0,0.0,0.0,0.0,0.0,0.0,0.0,0.0,0.0,0.0,0.0,0.0,0.0,0.0,0.0,0.0,0.0,0.0,0.0,0.0,0.0,0.0,0.0,0.0,0.0,0.0,0.0,0.0,0.0,0.0,0.0,0.0,0.0,0.0,0.0,0.0,0.0,0.0,0.0,0.0,0.0,0.0,0.0,0.0,0.0,0.0,0.0,0.0,0.0,0.0,0.0,0.0,0.0,0.0,0.0,0.0,0.0,0.0,0.0,0.0,0.0,0.0,0.0,0.0,0.0,0.0,0.0,0.0,0.0,0.0,0.0,0.0,0.0,0.0,0.0,0.0,0.0,0.0,0.0,0.0,0.0,0.0,0.0,0.0,0.0,0.0,0.0,0.0,0.0,0.0,0.0,0.0,0.0,0.0,0.0,0.0,0.0,0.0,0.0
past.PERF_PROG.IND,0.0,inf,0.0,0.0,0.0,0.0,0.0,0.0,0.0,0.0,0.0,0.0,0.0,0.0,0.0,0.0,0.0,0.0,0.0,0.0,0.0,0.0,0.0,0.0,0.0,0.0,0.0,0.0,0.0,0.0,0.0,0.0,0.0,0.0,0.0,0.0,0.0,0.0,0.0,0.0,0.0,0.0,0.0,0.0,0.0,0.0,0.0,0.0,0.0,0.0,0.0,0.0,0.0,0.0,0.0,0.0,0.0,0.0,0.0,0.0,0.0,0.0,0.0,0.0,0.0,0.0,0.0,0.0,0.0,0.0,0.0,0.0,0.0,0.0,0.0,0.0,0.0,0.0,0.0,0.0,0.0,0.0,0.0,0.0,0.0,0.0,0.0,0.0,0.0,0.0,0.0,0.0,0.0,0.0,0.0,0.0,0.0,0.0,0.0,0.0,0.0,0.0,0.0,0.0,0.0,0.0,0.0,0.0,0.0,0.0,0.0,0.0,0.0,0.0,0.0,0.0,0.0,0.0,0.0,0.0,0.0,0.0,0.0,0.0,0.0,0.0,0.0,0.0,0.0,0.0,0.0,0.0,0.0,0.0,0.0,0.0,0.0,0.0,0.0,0.0,0.0,0.0,0.0,0.0,0.0,0.0,0.0,0.0,0.0,0.0,0.0,0.0,0.0,0.0,0.0,0.0,0.0,0.0,0.0,0.0,0.0,0.0,0.0,0.0,0.0,0.0,0.0,0.0,0.0,0.0,0.0,0.0,0.0,0.0,0.0,0.0,0.0,0.0,0.0,0.0,0.0,0.0,0.0,0.0,0.0,0.0,0.0,0.0,0.0,0.0,0.0,0.0,0.0,0.0,0.0,0.0,0.0,0.0,0.0,0.0,0.0,0.0,0.0,0.0,0.0,0.0,0.0,0.0,0.0,0.0,0.0,0.0,0.0,0.0,0.0,0.0,0.0,0.0,0.0,0.0,0.0,0.0,0.0,0.0,0.0,0.0,0.0,0.0,0.0,0.0,0.0,0.0,0.0,0.0,0.0,0.0,0.0,0.0,0.0,0.0,0.0,0.0,0.0,0.0,0.0,0.0,0.0,0.0,0.0,0.0,0.0,0.0,0.0,0.0,0.0,0.0,0.0,0.0,0.0,0.0,0.0,0.0,0.0,0.0,0.0,0.0,0.0,0.0,0.0,0.0,0.0,0.0,0.0,0.0,0.0,0.0,0.0,0.0,0.0,0.0,0.0,0.0,0.0,0.0,0.0,0.0,0.0,0.0,0.0,0.0,0.0,0.0,0.0,0.0,0.0,0.0,0.0,0.0,0.0,0.0,0.0,0.0,0.0,0.0,0.0,0.0,0.0,0.0,0.0,0.0,0.0,0.0,0.0,0.0,0.0,0.0,0.0,0.0,0.0,0.0,0.0,0.0,0.0,0.0,0.0,0.0,0.0,0.0,0.0,0.0,0.0,0.0,0.0,0.0,0.0,0.0,0.0,0.0,0.0,0.0,0.0,0.0,0.0,0.0,0.0,0.0,0.0,0.0,0.0,0.0,0.0,0.0,0.0,0.0,0.0,0.0,0.0,0.0,0.0,0.0,0.0,0.0,0.0,0.0,0.0,0.0,0.0,0.0,0.0,0.0,0.0,0.0,0.0,0.0,0.0,0.0,0.0,0.0,0.0,0.0,0.0,0.0,0.0,0.0,0.0,0.0,0.0,0.0,0.0,0.0,0.0,0.0,0.0,0.0,0.0,0.0,0.0,0.0,0.0,0.0,0.0,0.0,0.0,0.0,0.0,0.0,0.0,0.0,0.0,0.0,0.0,0.0,0.0,0.0,0.0,0.0,0.0,0.0,0.0,0.0,0.0,0.0,0.0,0.0,0.0,0.0,0.0,0.0,0.0,0.0,0.0,0.0,0.0,0.0,0.0,0.0,0.0,0.0,0.0,0.0,0.0,0.0,0.0,0.0,0.0,0.0,0.0,0.0,0.0,0.0,0.0,0.0,0.0,0.0,0.0,0.0,0.0,0.0,0.0,0.0,0.0,0.0,0.0,0.0,0.0,0.0,0.0,0.0,0.0,0.0,0.0,0.0,0.0,0.0,0.0,0.0,0.0,0.0,0.0,0.0,0.0,0.0,0.0,0.0,0.0,0.0,0.0,0.0,0.0,0.0,0.0,0.0,0.0,0.0,0.0,0.0,0.0,0.0,0.0,0.0,0.0,0.0,0.0,0.0,0.0,0.0,0.0,0.0,0.0,0.0,0.0,0.0,0.0,0.0,0.0,0.0,0.0,0.0,0.0,0.0,0.0,0.0,0.0,0.0,0.0,0.0,0.0,0.0,0.0,0.0,0.0,0.0,0.0,0.0,0.0,0.0,0.0,0.0,0.0,0.0,0.0,0.0,0.0,0.0,0.0,0.0,0.0,0.0,0.0,0.0,0.0,0.0,0.0,0.0,0.0,0.0,0.0,0.0,0.0,0.0,0.0,0.0,0.0,0.0,0.0,0.0,0.0,0.0,0.0,0.0,0.0,0.0,0.0,0.0,0.0,0.0,0.0,0.0,0.0,0.0,0.0,0.0,0.0,0.0,0.0,0.0,0.0,0.0,0.0,0.0,0.0,0.0,0.0,0.0,0.0,0.0,0.0,0.0,0.0,0.0,0.0,0.0,0.0,0.0,0.0,0.0,0.0,0.0,0.0,0.0,0.0,0.0,0.0,0.0,0.0,0.0,0.0,0.0,0.0,0.0,0.0,0.0
FUT.PERF.IND,0.0,0.0,0.0,0.0,0.0,0.0,0.0,inf,0.0,0.0,0.0,0.0,0.0,0.0,0.0,0.0,0.0,0.0,0.0,0.0,0.0,0.0,0.0,0.0,0.0,0.0,0.0,0.0,0.0,0.0,0.0,0.0,0.0,0.0,0.0,0.0,0.0,0.0,0.0,0.0,0.0,0.0,0.0,0.0,0.0,0.0,0.0,0.0,0.0,0.0,0.0,0.0,0.0,0.0,0.0,0.0,0.0,0.0,0.0,0.0,0.0,0.0,0.0,0.0,0.0,0.0,0.0,0.0,0.0,0.0,0.0,0.0,0.0,0.0,0.0,0.0,0.0,0.0,0.0,0.0,0.0,0.0,0.0,0.0,0.0,0.0,0.0,0.0,0.0,0.0,0.0,0.0,0.0,0.0,0.0,0.0,0.0,0.0,0.0,0.0,0.0,0.0,0.0,0.0,0.0,0.0,0.0,0.0,0.0,0.0,0.0,0.0,0.0,0.0,0.0,0.0,0.0,0.0,0.0,0.0,0.0,0.0,0.0,0.0,0.0,0.0,0.0,0.0,0.0,0.0,0.0,0.0,0.0,0.0,0.0,0.0,0.0,0.0,0.0,0.0,0.0,0.0,0.0,0.0,0.0,0.0,0.0,0.0,0.0,0.0,0.0,0.0,0.0,0.0,0.0,0.0,0.0,0.0,0.0,0.0,0.0,0.0,0.0,0.0,0.0,0.0,0.0,0.0,0.0,0.0,0.0,0.0,0.0,0.0,0.0,0.0,0.0,0.0,0.0,0.0,0.0,0.0,0.0,0.0,0.0,0.0,0.0,0.0,0.0,0.0,0.0,0.0,0.0,0.0,0.0,0.0,0.0,0.0,0.0,0.0,0.0,0.0,0.0,0.0,0.0,0.0,0.0,0.0,0.0,0.0,0.0,0.0,0.0,0.0,0.0,0.0,0.0,0.0,0.0,0.0,0.0,0.0,0.0,0.0,0.0,0.0,0.0,0.0,0.0,0.0,0.0,0.0,0.0,0.0,0.0,0.0,0.0,0.0,0.0,0.0,0.0,0.0,0.0,0.0,0.0,0.0,0.0,0.0,0.0,0.0,0.0,0.0,0.0,0.0,0.0,0.0,0.0,0.0,0.0,0.0,0.0,0.0,0.0,0.0,0.0,0.0,0.0,0.0,0.0,0.0,0.0,0.0,0.0,0.0,0.0,0.0,0.0,0.0,0.0,0.0,0.0,0.0,0.0,0.0,0.0,0.0,0.0,0.0,0.0,0.0,0.0,0.0,0.0,0.0,0.0,0.0,0.0,0.0,0.0,0.0,0.0,0.0,0.0,0.0,0.0,0.0,0.0,0.0,0.0,0.0,0.0,0.0,0.0,0.0,0.0,0.0,0.0,0.0,0.0,0.0,0.0,0.0,0.0,0.0,0.0,0.0,0.0,0.0,0.0,0.0,0.0,0.0,0.0,0.0,0.0,0.0,0.0,0.0,0.0,0.0,0.0,0.0,0.0,0.0,0.0,0.0,0.0,0.0,0.0,0.0,0.0,0.0,0.0,0.0,0.0,0.0,0.0,0.0,0.0,0.0,0.0,0.0,0.0,0.0,0.0,0.0,0.0,0.0,0.0,0.0,0.0,0.0,0.0,0.0,0.0,0.0,0.0,0.0,0.0,0.0,0.0,0.0,0.0,0.0,0.0,0.0,0.0,0.0,0.0,0.0,0.0,0.0,0.0,0.0,0.0,0.0,0.0,0.0,0.0,0.0,0.0,0.0,0.0,0.0,0.0,0.0,0.0,0.0,0.0,0.0,0.0,0.0,0.0,0.0,0.0,0.0,0.0,0.0,0.0,0.0,0.0,0.0,0.0,0.0,0.0,0.0,0.0,0.0,0.0,0.0,0.0,0.0,0.0,0.0,0.0,0.0,0.0,0.0,0.0,0.0,0.0,0.0,0.0,0.0,0.0,0.0,0.0,0.0,0.0,0.0,0.0,0.0,0.0,0.0,0.0,0.0,0.0,0.0,0.0,0.0,0.0,0.0,0.0,0.0,0.0,0.0,0.0,0.0,0.0,0.0,0.0,0.0,0.0,0.0,0.0,0.0,0.0,0.0,0.0,0.0,0.0,0.0,0.0,0.0,0.0,0.0,0.0,0.0,0.0,0.0,0.0,0.0,0.0,0.0,0.0,0.0,0.0,0.0,0.0,0.0,0.0,0.0,0.0,0.0,0.0,0.0,0.0,0.0,0.0,0.0,0.0,0.0,0.0,0.0,0.0,0.0,0.0,0.0,0.0,0.0,0.0,0.0,0.0,0.0,0.0,0.0,0.0,0.0,0.0,0.0,0.0,0.0,0.0,0.0,0.0,0.0,0.0,0.0,0.0,0.0,0.0,0.0,0.0,0.0,0.0,0.0,0.0,0.0,0.0,0.0,0.0,0.0,0.0,0.0,0.0,0.0,0.0,0.0,0.0,0.0,0.0,0.0,0.0,0.0,0.0,0.0,0.0,0.0,0.0,0.0,0.0,0.0,0.0,0.0,0.0,0.0,0.0,0.0,0.0,0.0,0.0,0.0,0.0,0.0,0.0,0.0,0.0,0.0,0.0,0.0,0.0,0.0,0.0,0.0,0.0,0.0,0.0,0.0,0.0,0.0,0.0,0.0,0.0,0.0,0.0,0.0,0.0,0.0,0.0,0.0,0.0,0.0,0.0,0.0,0.0,0.0,0.0,0.0,0.0,0.0,0.0,0.0
PRES.PERF_PROG.IND,0.0,0.0,0.0,0.0,0.0,0.0,0.0,0.0,0.0,0.0,0.0,0.0,0.0,0.0,0.0,0.0,0.0,0.0,0.0,0.0,0.0,0.0,0.0,0.0,0.0,0.0,0.0,0.0,0.0,0.0,0.0,0.0,0.0,0.0,0.0,0.0,0.0,0.0,0.0,0.0,0.0,0.0,0.0,0.0,0.0,0.0,0.0,0.0,0.0,0.0,0.0,0.0,0.0,0.0,0.0,0.0,0.0,0.0,0.0,0.0,0.0,0.0,0.0,0.0,0.0,0.0,0.0,0.0,0.0,0.0,0.0,0.0,0.0,0.0,0.0,0.0,0.0,0.0,0.0,0.0,0.0,0.0,0.0,0.0,0.0,0.0,0.0,0.0,0.0,0.0,0.0,0.0,0.0,0.0,0.0,0.0,0.0,0.0,0.0,0.0,0.0,0.0,0.0,0.0,0.0,0.0,0.0,0.0,0.0,0.0,0.0,0.0,0.0,0.0,0.0,0.0,0.0,0.0,0.0,0.0,0.0,0.0,0.0,0.0,0.0,0.0,0.0,0.0,0.0,0.0,0.0,0.0,0.0,0.0,0.0,0.0,0.0,0.0,0.0,0.0,0.0,0.0,0.0,0.0,0.0,0.0,0.0,0.0,0.0,0.0,0.0,0.0,0.0,0.0,0.0,0.0,0.0,0.0,0.0,0.0,0.0,0.0,0.0,0.0,0.0,0.0,0.0,0.0,0.0,0.0,0.0,0.0,0.0,0.0,0.0,0.0,0.0,0.0,0.0,0.0,0.0,0.0,0.0,0.0,0.0,0.0,0.0,0.0,0.0,0.0,0.0,0.0,0.0,0.0,0.0,0.0,0.0,0.0,0.0,0.0,0.0,0.0,0.0,0.0,0.0,0.0,0.0,0.0,0.0,0.0,0.0,0.0,0.0,0.0,0.0,0.0,0.0,0.0,0.0,0.0,0.0,0.0,0.0,0.0,0.0,0.0,0.0,0.0,0.0,0.0,0.0,0.0,0.0,0.0,0.0,0.0,0.0,0.0,0.0,0.0,0.0,0.0,0.0,0.0,0.0,0.0,0.0,0.0,0.0,0.0,0.0,0.0,0.0,0.0,0.0,0.0,0.0,0.0,0.0,0.0,0.0,0.0,0.0,0.0,0.0,0.0,0.0,0.0,0.0,0.0,0.0,0.0,0.0,0.0,0.0,0.0,0.0,0.0,0.0,0.0,0.0,0.0,0.0,0.0,0.0,0.0,0.0,0.0,0.0,0.0,0.0,0.0,0.0,0.0,0.0,0.0,0.0,0.0,0.0,0.0,0.0,0.0,0.0,0.0,0.0,inf,0.0,0.0,0.0,0.0,0.0,0.0,0.0,0.0,0.0,0.0,0.0,0.0,0.0,0.0,0.0,0.0,0.0,0.0,0.0,0.0,0.0,0.0,0.0,0.0,0.0,0.0,0.0,0.0,0.0,0.0,0.0,0.0,0.0,0.0,0.0,0.0,0.0,0.0,0.0,0.0,0.0,0.0,0.0,0.0,0.0,0.0,0.0,0.0,0.0,0.0,0.0,0.0,0.0,0.0,0.0,0.0,0.0,0.0,0.0,0.0,0.0,0.0,0.0,0.0,0.0,0.0,0.0,0.0,0.0,0.0,0.0,0.0,0.0,0.0,0.0,0.0,0.0,0.0,0.0,0.0,0.0,0.0,0.0,0.0,0.0,0.0,0.0,0.0,0.0,0.0,0.0,0.0,0.0,0.0,0.0,0.0,0.0,0.0,0.0,0.0,0.0,0.0,0.0,0.0,0.0,0.0,0.0,0.0,0.0,0.0,0.0,0.0,0.0,0.0,0.0,0.0,0.0,0.0,0.0,0.0,0.0,0.0,0.0,0.0,0.0,0.0,0.0,0.0,0.0,0.0,0.0,0.0,0.0,0.0,0.0,0.0,0.0,0.0,0.0,0.0,0.0,0.0,0.0,0.0,0.0,0.0,0.0,0.0,0.0,0.0,0.0,0.0,0.0,0.0,0.0,0.0,0.0,0.0,0.0,0.0,0.0,0.0,0.0,0.0,0.0,0.0,0.0,0.0,0.0,0.0,0.0,0.0,0.0,0.0,0.0,0.0,0.0,0.0,0.0,0.0,0.0,0.0,0.0,0.0,0.0,0.0,0.0,0.0,0.0,0.0,0.0,0.0,0.0,0.0,0.0,0.0,0.0,0.0,0.0,0.0,0.0,0.0,0.0,0.0,0.0,0.0,0.0,0.0,0.0,0.0,0.0,0.0,0.0,0.0,0.0,0.0,0.0,0.0,0.0,0.0,0.0,0.0,0.0,0.0,0.0,0.0,0.0,0.0,0.0,0.0,0.0,0.0,0.0,0.0,0.0,0.0,0.0,0.0,0.0,0.0,0.0,0.0,0.0,0.0,0.0,0.0,0.0,0.0,0.0,0.0,0.0,0.0,0.0,0.0,0.0,0.0,0.0,0.0,0.0,0.0,0.0,0.0,0.0,0.0,0.0,0.0,0.0,0.0,0.0,0.0,0.0,0.0,0.0,0.0,0.0,0.0,0.0,0.0,0.0,0.0,0.0,0.0,0.0,0.0,0.0,0.0,0.0,0.0,0.0,0.0,0.0,0.0,0.0,0.0,0.0,0.0,0.0,0.0,0.0,0.0,0.0,0.0,0.0,0.0,0.0,0.0,0.0,0.0,0.0,0.0,0.0,0.0,0.0,0.0,0.0,0.0
